27263,,(57)博入字第012號,1968.12.20,相菊芝石,,,劉元,民國,1,其他,無,縱174 橫93.5,國畫,,,,,,,,,,國立歷史博物館藏《相菊芝石》（27263），此件作品創作於1965年10月，以水墨設色技法創作，描繪象徵吉祥長壽與清雅之柏樹、菊花、奇石與靈芝，皆為象徵長壽祥瑞之物。畫幅左側前景以墨色寫意畫出形狀奇巧之岩石，中央聚焦盛開之黃蕊菊花，顏色有白、黃、粉與紫四色。菊花右側與上方為一棵象徵長壽之柏樹，樹幹與奇石間生有碧綠芳草叢，右有靈芝三株。靈芝，又有瑞芝、瑞草之稱，古傳說食之可保長生不老，甚至入仙，被視為吉祥之物。菊花具「養性上藥，能輕身延年」之效用，被譽為「十二客」中的「壽客」，亦為花中四君子之一，向來象徵高雅純潔之品德。畫面題字：「中華民國五十四年歲次乙巳十月，友愷劉元。」作者劉元，生平不詳。,,,,,,,,,,賴貞儀
27264,,(57)博入字第012號,1968.12.20,富貴長春,,,劉元,民國,1,其他,無,縱150 橫78,國畫,,,,,,,,,,國立歷史博物館藏《富貴長春》（27264），此件作品創作於1962年三月，以水墨設色技法創作之花鳥畫，描繪象徵富貴吉祥長春之松樹、牡丹花、奇石與鳥禽，皆為象徵長壽祥瑞之物。畫幅前景以墨色寫意畫出形狀奇巧之岩石，以及岩間亭亭盛開牡丹花，顏色有紅、黃、粉三色，型態有盛放亦有尚自含苞待放者。牡丹花枝左側與上方為一棵象徵長壽之松樹，樹梢上棲息一對紅喙紅爪之翠羽長尾鳥。牡丹被譽為花中之王，象徵富貴。在中國傳統藝術中，牡丹時常與石頭或松柏梅花組成的圖案寓意長命富貴。畫面題字：「富貴長春。中華民國五十一年歲次壬寅三月，友愷劉元寫於台灣。」 作者劉元，生平不詳。,,,,,,,,,,賴貞儀
27265,,(57)博入字第012號,1968.12.20,桐蔭清話,,,孫家勤,民國,1,其他,無,縱129 橫65,國畫,,,,,,,,,,國立歷史博物館藏《桐蔭清話》（27265），此件作品創作於1964年夏，以水墨設色技法創作，以水墨設色技法創作之人物畫，描繪梧桐樹蔭下一對婷婷而立之古裝麗人。茂密之梧桐樹葉以深深淺淺之墨色寫意，染以淡淡石綠。樹幹後又方尚有清淺竹林。麗人淡妝以挽髻，腰繫紅絲?，與奇紅唇與髮間紅繩輝映。神態似乎正在庭園散步談心，衣飾飄然。畫面題字：「桐蔭清話。甲辰盛夏於台灣麗水精舍，泰安孫家勤。」作者孫家勤（1930-2010），生於大連，祖籍山東泰安，字野耘，孫傳芳將軍幼子。就讀師大美術系時與胡念祖、喻仲林同創「麗水精舍畫室」，開臺灣聯合畫室之先。從黃君璧、溥心?習畫。1964年負笈巴西入張大千大風堂門下，在八德園習畫三年，從潑墨山水之基礎上發展出獨特的寫意花鳥。後定居於巴西，為聖保羅大學創設中文系擔任教授。1992年以交換教授身分返回台灣後，受聘於國立臺灣師範大學美術系、中國文化大學美術系等。早期人物畫由工筆入門，運筆如行雲流水，線條如春蠶吐絲。巴西時期，摹寫古代名品與敦煌壁畫，人物轉而真實而大器，在構圖與色彩上力求創新表現，獨創一格，活用傳統技法賦予新意。人物、山水、花鳥、敦煌佛畫無所不精。,,,,,,,,,,賴貞儀
27266,,(57)博入字第012號,1968.12.20,嬉嬰圖,,,孫家勤,民國,1,其他,無,縱94.5 橫33,國畫,,,,,,,,,,國立歷史博物館藏《嬉嬰圖》（27266），創作年代不詳，為以水墨設色技法創作之人物畫，描繪紅梅樹前，有奇石與綠竹的庭園中，六位孩童歡樂嬉戲，分成兩隊各執一彩色布旗，似乎戲擬行軍陣仗。畫面題字：「山東孫家勤畫。」作者孫家勤（1930-2010），生於大連，祖籍山東泰安，字野耘，孫傳芳將軍幼子。就讀師大美術系時與胡念祖、喻仲林同創「麗水精舍畫室」，開臺灣聯合畫室之先。從黃君璧、溥心?習畫。1964年負笈巴西入張大千大風堂門下，在八德園習畫三年，從潑墨山水之基礎上發展出獨特的寫意花鳥。後定居於巴西，為聖保羅大學創設中文系擔任教授。1992年以交換教授身分返回台灣後，受聘於國立臺灣師範大學美術系、中國文化大學美術系等。早期人物畫由工筆入門，運筆如行雲流水，線條如春蠶吐絲。巴西時期，摹寫古代名品與敦煌壁畫，人物轉而真實而大器，在構圖與色彩上力求創新表現，獨創一格，活用傳統技法賦予新意。人物、山水、花鳥、敦煌佛畫無所不精。,,,,,,,,,,賴貞儀
27267,,(57)博入字第012號,1968.12.20,墨竹,,,陳定山,民國,1,其他,無,縱89 橫42,國畫,,,,,,,,,,國立歷史博物館藏《墨竹》（27267），此件作品創作年代不詳，款識則先後有於1953年花朝與1954年3月25日美術節兩則。以寫意筆法運用水墨描繪一竿脩竹。竹為國畫傳統常見題材，竹與梅、蘭、菊、合稱為四君子，也被譽為「歲寒三友」之一，在植物中是高雅、純潔、虛心、氣節的象徵。畫面題字先後為：「秀出叢林，定山居士寫生。獨立精神不屈不撓，定山重題癸巳花朝。」「竹之精神乃內柔而外剛，具有,,,,,,,,,,賴貞儀
27268,,(57)博入字第012號,1968.12.20,洛神,,,劉峨士,民國,1,其他,無,縱67 橫42,國畫,,,,,,,,,,國立歷史博物館藏《洛神》（27268），此件作品創作於1944年9月，以水墨設色技法創作，描繪中國先秦神話中的女神，伏羲氏的女兒洛神。曹植在《洛神賦》描寫女神姿態 「翩若驚鴻，婉若遊龍。榮曜秋菊，華茂春松。彷彿兮若輕雲之蔽月，飄颻兮若流風之回雪。遠而望之，皎若太陽升朝霞；迫而察之，灼若芙蓉出淥波。」劉峨士此畫作於他於貴州安順華嚴洞守護故宮文物其間。畫面並題有曹植洛神賦之局部文字。 「…嬉。左倚采旄，右蔭桂旗。壤皓腕於神滸兮，采湍瀨之玄芝。余情悅其淑美兮，心振盪而不怡。無良媒以接歡兮，托微波而通辭。願誠素之先達兮，解玉珮以要之。嗟佳人之信修，羌習禮而明詩。抗瓊珶以和予兮，指潛淵而為期。執眷眷之款實兮，懼斯靈之我欺。感交甫之棄言兮，悵猶豫而狐疑。收和顏而靜志兮，申禮防以自持。於是洛靈感焉，徙倚彷徨，神光離合，乍陰乍陽。竦輕軀以鶴立，若將飛而未翔。踐椒塗之郁烈，步蘅薄而流芳。超長吟以永慕兮，聲哀厲而彌長。爾乃眾靈雜遢，命儔嘯侶，或戲清流，或翔神渚，或采明珠，或拾翠羽。從南湘之二妃，攜漢濱之遊女。歎匏瓜之無匹兮，詠牽牛之獨處。揚輕?之猗靡兮，翳修袖以延佇。休迅飛…甲申9月。寫於華嚴洞。第四行遺一猶字」並有莊嚴之題字:「洛神圖。乙酉冬莊嚴」作者劉峨士（1914-1952），河北饒陽人。號奉璋。天資聰慧，自幼研習書畫，傳統學養深厚。故宮南遷安順辦事處（1938-1943）成立期間，莊嚴延攬共事，後隨文物遷臺。台中北溝從事古書畫鑑定與研究。所作書畫古意深遠，功力深厚，有南宋大畫家馬遠和夏珪筆意。能工能放，無論山水、人物、花鳥全都擅長。民國三十四、五年間劉峨士應莊靈之請，繪製「安順讀書山華嚴洞」手捲，紀念1939年1月日至1944年12月在貴州安順華嚴洞守護故宮文物的歲月。,,,,,,,,,,賴貞儀
27269,,(57)博入字第012號,1968.12.20,馬,,,鄭月波,民國,1,其他,無,縱118.5 橫60,國畫,,,,,,,,,,"國立歷史博物館藏《馬》（27269），此件作品創作年代不詳，款識「月波」。以寫意筆法運用水墨正面描繪奔騰中之駿馬，馬身自左向右疾馳，前足騰空，姿態鮮活。作者鄭月波(1907-1991) 廣東東莞人，出生於新加坡。1928年入杭州藝專,師從林風眠、潘天壽,先後任教於上海美專及新華藝專。中年轉來台灣發展，任台灣師院教授及國立藝專美術科主任。 1967 年旅居美國，與張大千比鄰而居，結為至交，於美國加州創設「中華藝院」，推展藝術不遺餘力。繪畫上之獨創體現於「隔紙畫」與「指畫」兩項繪畫技巧上。利用西方技法結合東方「虛實相生」的概念，重新闡釋水墨繪畫的表現，擴大水墨創作視野，提供觀者更大想像空間。亦擅長畫動物，他筆下的駿馬、貓和游魚，以強烈的生命力與「以少勝多」的表現力。為繼高其佩(1660-1734)和潘天壽（1897-1971）後又一位指墨畫大師。",,,,,,,,,,賴貞儀
27270,,(57)博入字第012號,1968.12.20,魚,,,鄭月波,民國,1,其他,無,縱105 橫34,國畫,,,,,,,,,,"國立歷史博物館藏《魚》（27270）， 此件作品創作年代不詳，款識「月波寫於台灣」。以寫意筆法透過水墨以描寫江河水波、躍起之鯉魚與四濺之水波。筆法簡略大膽，憑添許多想像空間。畫面題字：「秀出叢林，定山居士寫生。獨立精神不屈不撓，定山重題癸巳花朝。」作者鄭月波(1907-1991) 廣東東莞人，出生於新加坡。1928年入杭州藝專,師從林風眠、潘天壽,先後任教於上海美專及新華藝專。中年轉來台灣發展，任台灣師院教授及國立藝專美術科主任。 1967 年旅居美國，與張大千比鄰而居，結為至交，於美國加州創設「中華藝院」，推展藝術不遺餘力。繪畫上之獨創體現於「隔紙畫」與「指畫」兩項繪畫技巧上。利用西方技法結合東方「虛實相生」的概念，重新闡釋水墨繪畫的表現，擴大水墨創作視野，提供觀者更大想像空間。亦擅長畫動物，他筆下的駿馬、貓和游魚，以強烈的生命力與「以少勝多」的表現力。為繼高其佩(1660-1734)和潘天壽（1897-1971）後又一位指墨畫大師。",,,,,,,,,,賴貞儀
27271,,(57)博入字第012號,1968.12.20,鷹,,,徐人眾,民國,1,其他,無,縱69 橫45,國畫,,,,,,,,,,"國立歷史博物館藏《鷹》（27271），此件作品創作年代不詳，以寫意筆法透過水墨以描寫一只大鷹。兩隻鷹足利爪箕張，顯露自空疾下、捕捉獵物的猛禽姿態。寥寥數筆補捉形體與動態，筆法簡略大膽，憑添許多想像空間。畫面題字：「寫鷹數十年，此幅筆墨行神最為愜意。石上。」作者徐人眾(1911-)，山東萊陽人，行年七十後自號『石上老人』。早年遊學國立北平大學藝術學院。石上老人自幼酷喜藝術，嘗師從齊白石習畫，其畫風兼融青藤、石濤、八大、吳昌碩、徐悲鴻、白石老人之長，八大朱家畫法而自成一家，並處處展現徐氏獨特的自家風貌。水墨,書法,篆刻,指畫皆工。作畫不拘派別，題材類別涵蓋甚廣，花鳥木石蟲魚蝦蟹等，無所不畫，無一不工。書法更涵蓋正、草、隸、篆、毛公鼎、石鼓文、岣嶁碑以及天發神讖碑。筆墨蒼勁拙厚，作品每每發人深省。呂佛庭嘗謂：「淡泊明志，故其畫灑脫超逸而無俗氣，極耐人玩味」。",,,,,,,,,,賴貞儀
27272,,(57)博入字第012號,1968.12.20,夕陽起秋風,,,王志達,民國,1,其他,無,縱56.5 橫29.5,國畫,,,,,,,,,,國立歷史博物館藏《夕陽起秋風》（27272），此件作品創作年代不詳，以水墨寫意筆法，描繪秋日山高水清之清寂氣象。遠景群峰崢嶸，雲霧半掩山腰，中景蜿蜒江流帶出平遠空間，江岸可見稀疏秋樹、人家、江心橋上有一人物荷物而行，前景則以嶙峋奇岩呼應遠山崢嶸姿態。畫面題字：「數峰延夕照，?樹起秋風。王生志達遺作，具有法度，為題記之。心畬。」作者王志達，生平與生卒年不詳，從此畫題字推測，可能為曾經從溥畬習畫之學生或晚輩，故蒙其於作者故世後又追加題跋紀念，並蓋有「溥儒」白字印章。,,,,,,,,,,賴貞儀
27273,,(57)博入字第012號,1968.12.20,墨竹,,,陳方,民國,1,其他,無,縱90 橫33.5,國畫,,,,,,,,,,國立歷史博物館藏《墨竹》（27273），創作於1957年，以寫意筆法、水墨描繪二竿脩竹。竹為國畫傳統常見題材，竹與梅、蘭、菊、合稱為四君子，也被譽為「歲寒三友」之一，在植物中是高雅、純潔、虛心、氣節的象徵。畫面題字為：「生中見熟猶能到，熟裡翻生境最難 ，多謝曼髯褒一語，頓教病骨海天寬。病後手顫，輒為筆困，一日小集玉井山房，強予寫竹，正皇愧間，正大邀曼髯歎賞，許為熟後翻生，使我頓覺光華滿眼，立生妙悟矣。丁酉冬月陳方並記。」作者陳方（1898-????1962），字芷町，號荒齋，又號大荒齋主，江西省石城縣人。工書，善畫，能詩文，尤精於墨竹。葉公超論其畫竹為「近百年來所僅有」，張大千則稱陳方畫竹為「當代第一」，並說：「氏嘗出入北海南宮，勁枝挺秀，畫竹直追夏仲昭、吳仲圭、柯九思，上窺文湖州、趙吳興，以文居南北兩京，所見名跡至多，所作風枝露葉，靈氣滿紙，非並時之彥所可望其項背也。」黃君璧也稱道：「芷町先生，文學大師，畫竹專家，早已名滿大江南北，其畫竹法度嚴謹而瀟灑，其章法尤多奇趣，而用墨則深得明僧清湘道人（石濤）遺法，近百年來無與匹比。」晚年寓居台北，與馬壽華、高逸鴻等組成「七友畫會」。,,,,,,,,,,賴貞儀
27274,,(57)博入字第012號,1968.12.20,墨竹,,,陳方,民國,1,其他,無,縱99.5橫38,國畫,,,,,,,,,,國立歷史博物館藏《墨竹》（27274），創作年代不詳，以寫意筆法、水墨描繪二竿脩竹。竹為國畫傳統常見題材，竹與梅、蘭、菊、合稱為四君子，也被譽為「歲寒三友」之一，在植物中是高雅、純潔、虛心、氣節的象徵。畫面題字先後為：「為見文與可，夢想蘇東坡，造化誰參透，揮筆自婆娑。陳方醉墨。」作者陳方（1898-????1962），字芷町，號荒齋，又號大荒齋主，江西省石城縣人。工書，善畫，能詩文，尤精於墨竹。葉公超論其畫竹為「近百年來所僅有」，張大千則稱陳方畫竹為「當代第一」，並說：「氏嘗出入北海南宮，勁枝挺秀，畫竹直追夏仲昭、吳仲圭、柯九思，上窺文湖州、趙吳興，以文居南北兩京，所見名跡至多，所作風枝露葉，靈氣滿紙，非並時之彥所可望其項背也。」黃君璧也稱道：「芷町先生，文學大師，畫竹專家，早已名滿大江南北，其畫竹法度嚴謹而瀟灑，其章法尤多奇趣，而用墨則深得明僧清湘道人（石濤）遺法，近百年來無與匹比。」晚年寓居台北，與馬壽華、高逸鴻等組成「七友畫會」。,,,,,,,,,,賴貞儀
27275,,(57)博入字第012號,1968.12.20,雲山春秋,,,袁行廉,民國,1,其他,無,縱55 橫117.5,國畫,,,,,,,,,,國立歷史博物館藏《雲山春秋》（27275）， 創作於1956年，以寫意筆法、水墨設色，描繪秋日江岸風光。各色墨筆寫就點染橙紅秋色之清疏之林樹自前景左岸展開，蜿蜒的江流以平遠的構圖推移至雲霧輕掩之遠景，群山以極淺淡的糢糊形體呈現，營造出霧氣氤氳的濕潤氣氛。畫面左下方題字為：「袁行廉畫，民國四十五年。」右上方友葉公超為之題跋：「一片雲山啣澄澈，聯吟託與寫清秋。丙申重陽前一日。葉公超」作者袁行廉，生平與生卒年不詳，從此畫題字推測，可能為葉公超之友朋故舊，故蒙其題跋，並蓋有「葉公超印」白字印章。,,,,,,,,,,賴貞儀
27276,,(57)博入字第012號,1968.12.20,早春,,,袁行廉,民國,1,其他,無,縱83.5 橫43,國畫,,,,,,,,,,國立歷史博物館藏《早春》（27276）， 創作於1959年秋，以寫意筆法、水墨設色，描繪層巒疊翠，雲霧氤氳的深遠山水。重山復嶺曲折崢嶸，中景至遠景一路瀰漫山間的雲海增加山勢的深度與空間感。畫面中景半山平台有一紅頂六柱涼亭，卻是空無人跡。憑添深山空靈出塵之意。山巖與皴筆草木苔點墨筆寫就，再以淡筆暈染石綠、淺赭、粉紅增色。畫面左上方題字為：「民國四十八年己亥秋日，袁行廉畫於台灣。」作者袁行廉，生平與生卒年不詳。,,,,,,,,,,賴貞儀
27277,,(57)博入字第012號,1968.12.20,蝦,,,周建卿,民國,1,其他,無,縱100 橫34,國畫,,,,,,,,,,國立歷史博物館藏《蝦》（27277）， 創作年代不詳，以寫意筆法、水墨設色畫麟介圖，描繪水中五隻蝦子。蝦以墨筆流暢勾劃出一節節之背甲、長短觸鬚與步足。生動捕捉水中蝦隻各種不同的游動之姿態與靈活形體。背景以淡墨與淡彩畫就之水草增加了空間層次、水質的澄澈清透感與整體畫面的視覺豐富性。畫面題字為：「周建卿。」作者周建卿(1914-)，生平與卒年不詳。,,,,,,,,,,賴貞儀
27278,,(57)博入字第012號,1968.12.20,園蔬,,,林宏沛,民國,1,其他,無,縱100 橫44,國畫,,,,,,,,,,國立歷史博物館藏《園蔬》（27278）， 創作於1960年，以寫意筆法運用簡單的線條筆法，墨色或深或淺、濃淡有緻，或勾描或暈染，描繪出種種蔬菜之小品，以各種角度或橫放、斜放，錯落簡潔中有變化的構圖，呈現來自畫家園中之尋常根莖類與葉類之蔬菜，包括蘿蔔、苦瓜、芋頭、荸薺、玉米、茄子、白菜、包心菜等。雖然所描繪的內容物是難登大雅之堂的日常食物材料，卻構成一幅筆墨線條清雅趣緻的作品。畫面左上方題字為：「庚子冬初林宏沛為園蔬寫照。」作者林宏沛(1932-2015)，生平不詳。,,,,,,,,,,賴貞儀
27279,,(57)博入字第012號,1968.12.20,菊竹,,,吳淑,民國,1,其他,無,縱137 橫64,國畫,,,,,,,,,,國立歷史博物館藏《菊竹》（27279）， 創作於1964年9月，以寫意筆法、水墨設色，描寫脩竹、菊花與奇石。 竹為國畫傳統常見題材，竹與梅、蘭、菊、合稱為四君子，也被譽為「歲寒三友」之一，在植物中是虛心、氣節的象徵。菊花亦為花中四君子之一，向來象徵高雅純潔之品德，蘇軾〈贈劉景文〉詩有「荷盡已無擎雨蓋，菊殘猶有傲霜枝。」之詠菊名句。本幅作品畫面左下方題字為：「骨傲情偏逸，心虛思獨孤。甲辰秋九月，吳淑女史畫，馬壽華題。」作者吳淑，生平不詳。從此畫題字推測，可能為從馬壽華習畫之學生或晚輩，故蒙其題跋，並蓋有「馬壽華印」白字印章。,,,,,,,,,,賴貞儀
27280,,(57)博入字第012號,1968.12.20,毋忘在莒連環圖上下,,,陳海虹,民國,2,其他,無,縱33.5 橫33.5,國畫,,,,,,,,,,國立歷史博物館藏《毋忘在莒連環圖上下》（27280）， 以寫意筆法、水墨設色，以八頁之形式，描寫戰國時期田單復國的故事。《史記》卷八十二「田單傳」記載戰國時期齊國被燕國連攻七十二城，僅剩即墨、莒二城為最後固守的城池。齊國以莒城為反攻基地，在五年的艱苦歲月後收復了失地。後世以「毋忘在莒」比喻收復國土，蔣中正於1952年於金門太武山巔題頒「毋忘在莒」四字，提醒前線軍民，效法田單復國精神，鼓舞軍民士氣。作者陳海虹（1918- 1996）本名伯濤。出生於福建省思明縣。因家學淵源，由國畫入門，及長習得西畫，乃融合現代美術技巧而自創風格。來台之初在蜜餞工廠以會計為業，因兼作商品包裝美術設計成名，1958年應《模範少年》之邀創作《小俠龍捲風》。《千佛手》、《荒山魔俠》、《霹靂神童》等都是1960年代風靡一時的武俠漫畫佳作。 此外其70年代歷史劇插畫，以華麗壯闊繪畫風格與與歷史考據，成為一時權威。高陽、章君毅、司馬中原等人的歷史小說，《聯合報》、《時報週刊》、《皇冠》等二十多種刊物上，以及國父紀念館、歷史博物館等需要歷史畫面重現的畫作，都可見他風行一時的作品。於1965年、1978年分別榮獲行政院「院長獎」及中國畫學會「金爵獎」的殊榮。,,,,,,,,,,賴貞儀
27281,,(57)博入字第012號,1968.12.20,墨荷,,,郭大維,民國,1,其他,無,縱175.5 橫92.5,國畫,,,,,,,,,,國立歷史博物館藏《墨荷》（27281），創作於1967年夏，以寫意筆法、水墨設色，描寫一莖荷葉，筆法簡約明快，構圖大膽抽象。畫面題字：「丁未夏。大維。」作者郭大維（1918-2003）為美籍華裔畫家。出生北京，師事齊白石，後經台灣去美國任教藝術二十多年，專研中西方藝術差異。郭大維承繼傳統中國的筆墨，吸收西方藝術的精髓，提倡「現代中國畫」，主張必須使用西方能接受的繪畫語言，才能引領中國畫走入國際。作品多次在美國、新加坡及香港展出，1985年曾在北京中國美術館展出。,,,,,,,,,,賴貞儀
27282,,(57)博入字第012號,1968.12.20,古木藏幽徑,,,胡珊,民國,1,其他,無,縱109 橫34.5,國畫,,,,,,,,,,國立歷史博物館藏《古木藏幽徑》（27282），創作於1965年9月，以寫意筆法、水墨設色創作之山水畫，描寫秋日山光水色。前景與遠景為夾岸之疏爽秋林，襯托畫面中心開闊平遠的江流，江上可見一扁舟上有人獨釣一江秋色。畫面題字：「古木藏幽徑，秋江一釣舟。學李檀園筆。乙巳九月。胡珊。」作者胡珊(1928-)，號文珊，山東省曹州（今之荷澤），出生於綏遠省包頭市，早歲寄居北京。1949年渡海來台後，入溥心畬寒玉堂門下習畫，早期山水、人物、花鳥、無所不習；唐、宋、元、明、清古畫，亦多所揣摩。後又從吳子深習畫。民國53年與56年分別於中山堂及天主教華明傳教中心舉行個展。,,,,,,,,,,賴貞儀
27283,,(57)博入字第012號,1968.12.20,仙山樓閣,,,張性荃,民國,1,其他,無,縱120 橫57,國畫,,,,,,,,,,國立歷史博物館藏《仙山樓閣》（27283），創作年代不詳。以寫意筆法水墨設色創作之山水畫，描寫層巒疊嶂，雲霧氳氤，山谷間江流蜿蜒，前景處可見兩艘竹筏，從右側山壁有綿長之石梯可拾級而上，山頂平台林木間人家聚集，有許多紅頂樓房與一座碧瓦閣樓，遙望崖下中景三艘空船停泊於江右岸處。遠山半掩於雲霧中，更增深遠與高遠之境。畫面題字：「行盡西溪三百回，忽開天鏡晚晴中，僊山樓閣無限好，碧海銀河何處通。性荃。」作者張性荃(1918-)，河南省信陽縣人，字野長，自號大別野長山人、養石樓主。上海美專畢業，師從劉海粟、汪聲遠、黃賓虹。其畫兼擅中西，彩墨運用自如，尤以山水筆意渾厚，花卉人物鳥獸風格獨特，創作題材多為寫生或寓意深之作。民國36年來台灣，先後執教於台北女師、草屯商校、花蓮師專，以教授國畫為主，時亦兼授水彩、圖案、素描。上課時理論技法兼顧，著有《中國畫論》、《藝術論叢》、《藝術新論》等。,,,,,,,,,,賴貞儀
27284,,(57)博入字第012號,1968.12.20,秋山問道圖,,,羅芳,民國,1,其他,無,縱139 橫69.5,國畫,,,,,,,,,,國立歷史博物館藏《秋山問道圖》（27284），創作年代不詳。寫意筆法、水墨山水畫，以細密的構圖，描寫林樹茂密山巒林立的幽靜山谷，或濃或淡的墨色表現出樹石參差間林樹草木的不同層次，長短披麻皴則為層層疊疊之山巒與大小岩石刻畫出具體之肌理與質感。山谷間溪流蜿蜒過處，旁有數間草堂，可見一古裝人物坐於其中一間屋下。作者羅芳（1937-），生於湖南長沙。畢業於國立臺灣師範大學美術系，師事黃君璧、溥心畬、廖繼春等。長年鑽研藝術及哲學理論，行腳紀實，不限材質創作繪畫，畫風氣勢渾厚。與譚淑、王君懿、溫淑靜、胡佩鏘、梅笑櫻、田曼詩、黃國瑛、梁丹豐、溫碧英共組「十秀畫會」。1981年曾應國立歷史博物館邀請，與張大千等名家參與繪製以台灣為主題的215呎巨型創作「寶島長春圖」，為當時唯一參與的女性畫家。致力於藝術教育及推廣，任教於師大長達四十餘年，著有《中國的繪畫》及《中國山水畫法及演變》等。,,,,,,,,,,賴貞儀
27285,,(57)博入字第012號,1968.12.20,重山煙樹圖,,,羅芳,民國,1,其他,無,縱136 橫58.5,國畫,,,,,,,,,,國立歷史博物館藏《重山煙樹圖》（27285），創作年代不詳。以寫意筆法創作之水墨山水。用全景式構圖，峰巒層疊，前景樹木蔽蔭，其間點綴茅舍草亭，中景處有屋舍隱現，遠山雲霧繚繞，畫面虛實相間，表現了煙雲潤澤的重山疊嶂、林樹蓊鬱之景象。畫面題字：「重山煙樹。湘江女史。羅芳。」作者羅芳（1937-），生於湖南長沙。畢業於國立臺灣師範大學美術系，師事黃君璧、溥心畬、廖繼春等名師。長年鑽研藝術及哲學理論，行腳紀實，不限材質創作繪畫，畫風氣勢渾厚。與譚淑、王君懿、溫淑靜、胡佩鏘、梅笑櫻、田曼詩、黃國瑛、梁丹豐、溫碧英共組「十秀畫會」。1981年曾應國立歷史博物館邀請，與張大千等名家參與繪製以台灣為主題的215呎巨型創作「寶島長春圖」，為當時唯一參與的女性畫家。致力於藝術教育及推廣，任教於師大長達四十餘年，著有《中國的繪畫》及《中國山水畫法及演變》等。,,,,,,,,,,賴貞儀
27286,,(57)博入字第012號,1968.12.20,峭壁雲峰,,,陳縱材,民國,1,其他,無,縱86.5 橫29.5,國畫,,,,,,,,,,國立歷史博物館藏《峭壁雲峰》（27286），創作於1962年夏， 寫意筆法、水墨山水畫，描繪蒼松挺秀之山壁，墨色與赭黃交錯形塑出壁石之形體與明暗肌里。山崖邊一處屋宇臨江而建，正好遠眺江面一艘淡赭小舟，獨棲於中景沙渚旁，正好與映照於水面之灰藍山影為留白之畫面憑添色彩與景色變化。陡峭之遠山立於煙雲之外，更見高聳崢嶸。畫面題字：「峭壁雲峰，五十一年夏月寶島。」陳縱材寫。」作者陳縱材（1910-）廣西貴縣人。先後畢業於黃埔軍校、陸軍大學、陸軍參謀大學。服務於軍旅三十餘年，功勛顯卓。1965年少將退役。先後在臺北、高雄各大專院校任國畫教授，並在高雄設立「九天畫樓」傳國畫、書法。臺北「榮光周刊」評論 :「陳縱材先執干戈，後揮畫筆，論事功，論藝術，俯仰均無愧」，被譽為「能畫、能書、能詩的將軍畫家」。,,,,,,,,,,賴貞儀
27287,,(57)博入字第012號,1968.12.20,煙江疊嶂,,,虞蘭因,民國,1,其他,無,縱104 橫41,國畫,,,,,,,,,,國立歷史博物館藏《煙江疊嶂》（27287），創作年代不詳。寫意筆法、水墨設色，描繪重巖疊嶂雲氣氳氤之秋日溪山，煙嵐雲岫，白練高懸，飛濺而下，溪流蜿蜒。前景水岸邊林樹或紅或橙秋意深濃，林後不遠可見數間屋社。畫面題字：「偃塞支離不耐秋，搖風洒雨幾時休，轉身便是青山頂，又有懸崖在上頭。虞蘭因畫。」作者虞蘭因（1943-），美籍華人畫家。生於上海，祖籍浙江鄞縣，父虞君質為香港中文大學前藝術系主任、美術評論家。1949年移居台灣台北，得兒黃君璧、高逸鴻等指點。1964年畢業於國立台灣大學歷史學系。1967年獲得美國路易斯維爾大學(University of Louisville)藝術創作與藝術史雙碩士。1968-1971在紐約隨Will Barnet深造。1967-1992在美國各地展出。1993起專注水墨畫，創作「海底斑斕」一系列水墨畫作，呼籲保護海洋環境。,,,,,,,,,,賴貞儀
27288,,(57)博入字第012號,1968.12.20,竹菊,,,汪亞塵,民國,1,其他,無,縱111 橫45,國畫,,,,,,,,,,國立歷史博物館藏《竹菊》（27288），創作於作者73歲之年，推測為1965至1966年間。以水墨設色、寫意筆法，描繪菊花、脩竹與奇石。竹為國畫傳統常見題材，與梅、蘭、菊、合稱為四君子，也被譽為「歲寒三友」之一，是高雅、純潔、虛心、氣節的象徵。菊花亦向來象徵高雅純潔之品德。畫面題字：「亞塵畫。時年七十三」。作者汪亞塵（1894--1983），浙江杭州人，原籍安徽太平（今黃山）。原名松年、字雲隱。1915年曾與陳抱一等人組建中國第一個畫會組織「東方畫會」。1921年畢業於東京美術學校西畫系，回國被聘為上海美專教授兼教務主任。1928年至1931年赴歐洲作藝術考察，歸國後曾任新藝術專科學校教務長、新華藝術師範學校校長。1947年赴美講學並舉辦畫展，傳播中國繪畫，歷時30餘年。汪亞塵擅長花鳥蟲魚，從西洋繪畫入手，亦深研中國傳統技法，融合中西，以畫金魚著稱；三十年代，汪亞塵的金魚、徐悲鴻的馬、齊白石的蝦並稱三絕。,,,,,,,,,,賴貞儀
27289,,(57)博入字第012號,1968.12.20,紅梅,,,西望塑人,,1,其他,無,縱25.3 橫22.2,國畫,,,,,,,,,,國立歷史博物館藏《紅梅》（27289），創作年代不詳。寫意筆法、水墨設色，描繪枝頭盛開紅梅。構圖取梅樹局部，以枯墨線條勾勒出枝椏與紅梅形態，再施以彩墨，?枝鐵桿，蠖屈龍盤，枝頭吐萼含英，暗香疏影，清新婀娜。梅花為四君子之一，亦為「歲寒三友」之一，為傳統文人雅士喜歡歌詠描繪之題材，象徵高潔風骨，仙逸純潔、清雅俊逸。作者資料不詳，從此作品上落款「西望塑人」與鈐印「北西」觀之，有可能為日本雕塑家北村西望(1884-1987)之小品。北村西望畢業於京都市立工藝美術學校雕塑系，為日本著名雕刻家。,,,,,,,,,,賴貞儀
27290,,(57)博入字第012號,1968.12.20,七美圖,,,詹樹義,民國,1,其他,無,縱120 橫63.5,國畫,,,,,,,,,,國立歷史博物館藏《七美圖》（27290），創作年代不詳。工筆設色，描繪庭園中松蔭旁一座涼亭邊有兩位古裝麗人對弈，右首之女子坐於錦緞墊飾的石凳上，一手持子一手托腮思索；左首之女子持扇坐於木椅上，意態從容。另有五位女子圍觀，其中立於左前方手持藍色布包者，髮型與裝扮較簡樸者為小婢。背景奇石造型古雅，園間花草木皆以工筆細描，欄干與棋几運用界畫技巧，工整細緻。七位女子之衣飾圖案紋飾亦展現細膩畫工。作品上落款「樹義」。作者詹樹義生卒年不詳， 廣東南海人，中國首位鐵路工程師詹天佑的孫女。民國1946 年北平美術會會員，國畫家。出身書香門第，幼年就對書畫藝術有著濃厚的興趣，與許多著名書畫家交遊，發展出其個人獨特的古典繪畫藝術風格。擅長工筆繪畫，尤善宮廷仕女畫，繪畫風格細膩寫實。,,,,,,,,,,賴貞儀
27291,,(57)博入字第012號,1968.12.20,菊花,,,方君璧,民國,1,其他,無,縱66 橫48.5,國畫,,,,,,,,,,國立歷史博物館藏《菊花》（27291），創作年代不詳。寫意筆法、水墨設色，描繪一黃一白兩株盛開之菊花，作品上落款「君璧」。作者方君璧（1898-1986），福建閩侯人。1920考入法國藝術最高學府，巴黎國立高等美術學校，成為該校第一個中國女學生，跟隨Ferdinand Humbert接受學院派的藝術訓練。1924年方君壁的兩幅作品參選法國春季沙龍，其中作品《吹笛女》由巴黎美術雜誌刊為封面，以其作品中含蓄典雅的東方意韻，得到法國藝術界矚目。1925年回國在廣東大學執教，極受嶺南藝術界所推重。1949年後再度前往法國，後移居美國。1978年10月成為第一個被中國美術館邀請舉辦個展的海外中國畫家。1984年巴黎賽努奇博物館(Musee Cernuschi)為她舉辦了「方君璧六十年回顧展」，給予這位在巴黎起步的東方女畫家的業績以充分的肯定。代表作品《吹笛女》、《拈花凝思》等。,,,,,,,,,,賴貞儀
27292,,(57)博入字第012號,1968.12.20,獻壽圖,,,郝冠方,民國,1,其他,無,縱142 橫62.5,國畫,,,,,,,,,,國立歷史博物館藏《獻壽圖》（27292），創作於1966年秋。工筆水墨設色，描繪一古裝挽髻之麗人，裙裾飄逸，右手持捧結著綠葉與一雙蟠桃之桃枝，象徵獻桃祝壽之意。畫面題字：「秋色堜月中，紅旌翠節下蓬宮，蟠桃已結瑤池露，桂子初聞玉殿風。歲在丙午秋日，寫獻壽圖於台北。郝冠方。」作者郝冠方，台灣女畫家，擅長仕女，用筆細緻，生卒年不詳。1966年10月與中華民國畫學會會員等四十一位國畫家(依年齡長幼為馬壽華、馬紹文、王展如、黃君璧、劉如桐、葉公、張穀年、丁念先、龍盦、林玉山、劉延濤、高逸鴻、胡克敏、陳子和、傅狷夫、呂佛庭、程芥子、姚夢谷、季康、余偉、陳雋甫、吳詠香、林賢靜、趙松泉、曹緯初、任博悟、張郁廉、郝冠方、林中行、陳丹誠、孫雲生、徐瑩、吳平、盛元芳、曾其、喻仲林、胡念祖、匡仲英、李奇茂、鍾壽仁、傅申)，在國立歷史博物館獻畫，恭祝總統八秩華誕。,,,,,,,,,,賴貞儀
27295,,(57)博入字第012號,1968.12.20,仙山樓閣,,,溫碧英,民國,1,其他,無,縱184 橫85.5,國畫,,,,,,,,,,國立歷史博物館藏《仙山樓閣》（27295），創作年代不詳。以水墨設色描繪秋天溪山樓閣，飛瀑流泉。前景山谷蓊蓊鬱鬱之林樹前有一古裝高士與攜琴童子，一同回身仰望後方佳景，中景白練般的瀑布有屋宇人家，可見一位高士憑欄觀景。更高更遠處山間有樓閣高聳，最遠處之層巒雲氣氤氳，山形沒入縹緲雲氣中。畫面題字：「橋跨秋江冷，山飛萬丈泉，茅簷環古樹，對此覺茫然。溫碧英畫。」作者溫碧英，民國人，女畫家，為溥心畬在台灣的女弟子。與譚淑、王君懿、溫淑靜、胡佩鏘、梅笑櫻、田曼詩、黃國瑛、梁丹豐、羅芳共組「十秀畫會」。,,,,,,,,,,賴貞儀
27296,,(57)博入字第012號,1968.12.20,松柏長壽,,,王鳳閣,民國,1,其他,無,縱119 橫60.5,國畫,,,,,,,,,,國立歷史博物館藏《松柏長壽》（27296），創作於1968年，題跋表示乃為蔣中正總統祝壽而繪。水墨設色，以松柏長春為主題，描繪挺秀松林與其後雲霧掩翳的紅瓦屋舍人家，以及遠方之疊嶂層巒與嶺間蒼松處處。畫面題字：「松柏長春，山河比壽，總統蔣公八秩晉二華誕。王鳳閣恭繪，李漁叔題。」作者王鳳閣(1925-2011)，河南新野人，號瑞圖，自幼酷愛畫藝，臨摹宋、元、明、清歷代名家作品入手，後習西畫師承李浴與丁步月。1948年河南信陽師範藝術專科畢業。1948年來台後先後於台南市與屏東市糖廠附屬小學任教，春風化雨45年。來台後師承傅狷夫，專攻山水畫，任教之餘都用於書畫。畫風獨樹一格，既不屬於純粹傳統，也非寫實的現代國畫，國畫創作亦以西畫素描與寫生經驗為基礎，著力於輪廓、層次、光影的處理。1967年以「橫貫公路」一作，參加《全省美展》獲國畫組第三名 。,,,,,,,,,,賴貞儀
27297,,(57)博入字第012號,1968.12.20,蓬萊長春,,,郭燕嶠,民國,1,其他,無,縱175 橫94,國畫,,,,,,,,,,國立歷史博物館藏《蓬萊長春》（27297），創作於1965年，水墨設色，根據作者旅遊台南縣南化鄉玉井竹頭崎一地風光寫生稿而作。遠景層巒疊翠，近景則林木茂密豐美，描繪出南台灣各種常見林樹、植物，以深淺濃淡有緻之墨彩寫意。林隙間偶可見農村人物點景，中景留白處描寫農家忙於堆穀的豐收景象。左側山麓梯田處處，林間的紅瓦村落，遠處綿延的農田，都增加了富庶寶島安居樂業的意象。玉井竹頭崎由於位於深山內，日治時期曾因油礦的開採繁華一時，但隨著油氣枯竭又歸平淡。畫面題字：「蓬萊長春。民國五十四年夏日遊覽玉井竹頭崎得稿，歸來寫之。郭燕嶠時寓台北。」作者郭燕嶠（1919-）湖南桂東人，字煙樵，臺灣大學、中興大學肄業。畫風偏愛田園風格。1945年隨軍來台，先後考入行政機構及新生報社服務。得馬壽華教授國畫。1954年從黃君璧習畫。曾任彰化縣立溪洲中學教師、世界新專書畫研究社教師等。,,,,,,,,,,賴貞儀
27298,,(57)博入字第012號,1968.12.20,雨後,,,呂壽琨,民國,1,其他,無,縱178.5 橫97.5,國畫,,,,,,,,,,國立歷史博物館藏《雨後》（27298），創作於1964年二月，潑墨設色，意寫雨後山水。運用豐盈的水墨，寫意大塊山水形體，超越具象之束縛，間或有一抹暗紅、灰藍或其他隱隱透現之色彩點睛。底部的留白有如靈光乍現，營造出黑白、濃淡、虛實、輕重之對比，充分表現精湛的技巧和對禪意深切的體會。 畫面題字：「甲辰二月。呂壽琨。」作者呂壽琨（1919-1975）生於廣州。其父呂燦銘(1892-1979)為畫家、學者兼營古董書畫店。呂壽琨自述其為自學畫家，臨摹歷大師傑作，包括八大山人、石濤和黃賓虹，亦曾短暫從黃賓虹學畫。1946年畢業於廣州大學，1948年定居香港由於工作之便日日於碼頭觀察群山海港，因創作許多半抽象風景畫，發展成為極具代表性的「禪畫」系列。被譽為「香港新水墨運動」的先驅。1966年起在香港中文大學及香港大學主講新水墨畫課程，培育無數的香港水墨畫家，包括王無邪、周綠雲、梁巨廷等，對中國當代藝術的發展影響深遠。一九七一年獲英國政府頒授MBE榮譽勳銜。作品獲世界著名藝術館收藏，包括英國倫敦的維多利亞及艾伯特博物館、牛津的雅殊慕連博物館、美國三藩市的迪揚美術館、台北國立歷史博物館、香港藝術館、香港大學美術博物館、香港中文大學文化研究所等。,,,,,,,,,,賴貞儀
27367,,(57)博入字第001號,1968.01.20,山水,,,王霖,清,1,購藏,無,縱100.5 橫52,國畫,,,,,,,,,,國立歷史博物館藏《山水》（27367），  創作於清朝丁未年間，寫意山水，水墨設色。畫面左邊三分之二構圖為江岸重巒疊嶂之深遠山石，以短披麻皴、苔點與各色林木妝點，間或有盛開之花樹點染出萬里春色佳氣。山谷間有屋宇房舍閣樓，然而唯一可見之人跡為中景江岸小灣裡一艘船舶，上有一人獨釣。畫面題字：「余見耕煙散人所題，趙千里江山攬勝圖，有出藍之玅，因倣其遺意作此裝幀，愧不能仿彿萬一，徒取效顰之誚耳。丁未嘉平雪?戲筆。王霖。」 作者王霖(清 嘉、道、咸)清朝人。,,,,,,,,,,賴貞儀
27368,,(57)博入字第001號,1968.01.20,荷花,,,陳年,清末民初,1,購藏,無,縱97 橫37,國畫,,,,,,,,,,國立歷史博物館藏《荷花》（27368），創作於清未民初，水墨寫意花卉，以寥寥數筆描繪荷塘一枝獨秀之半開荷花、伴以二莖荷葉，簡潔秀逸。畫面題字：「秋在白荷花上來。寫樊樹詩意。陳年。」另有鈐印紅字：「靜山。」白字：「靜盧」。作者陳年(1876--1970)，浙江山陰人。字半丁，一字半痴，別署辟痴，又字靜山。以字半丁行世，又號半丁老人、半叟、半翁、山陰半叟、稽山半老等。室名一根草堂、五畝之園、竹環齋、莫自鳴館。19歲時於上海嚴小舫之小長廬館拓印為業。後拜吳昌碩為師。40歲後至北京，初就職於北京圖書館，後任教於北平藝術專科學校。擅花卉、山水、人物、走獸，以寫意花卉最知名。除任頤、吳昌碩外，又師法趙之謙、徐渭、陳淳，吸收明清各家花卉畫法而獨樹一幟。作品筆墨蒼潤樸拙，色彩鮮麗、沉著，形象簡練概括。書法以行草見長。兼善摹印。著有《陳半丁畫集》、《陳半丁花卉畫譜》、《當代中國畫全集·陳半丁》。,,,,,,,,,,賴貞儀
27369,,(57)博入字第001號,1968.01.20,山水,,,莊冏生,清,1,購藏,無,縱168 橫45,國畫,,,,,,,,,,國立歷史博物館藏《山水》（27369），創作於清朝，17世紀，寫意山水，水墨設色。描繪山谷景色，水岸邊前景各色林木蓊鬱華滋，其後水畔有一草堂半掩翳於樹林之後。中景與遠景為形體渾厚之層疊山?，與錯落生長期間之草木苔點，間或以淺淡設色渲染增色。畫面題字：「一峰老人經營位置有?巒渾厚草木華滋之趣，其蒼莽荒率氣象要是獨具靈根。淡菴莊冏生。」作者莊冏生(1627-1679)，清朝晉陵（今江蘇常州）人。字玉驄、玉聰，號澹庵。順治四年（1647）進士，仕至右庶子兼侍讀。工詩、古文辭，善書、畫，山水小景，荒率有筆趣。墨蘭亦秀致。好藏古印。有《漆園印型》，許珊林、張叔未為之序。另著有《澹庵集》、《長安春草》、《黃山紀遊外集》四卷、《妒史》十四卷、《霍丘日記》、《紅窗百詠》二卷、《蘭語》二卷、《長安春詞》一卷。,,,,,,,,,,賴貞儀
27370,,(57)博入字第001號,1968.01.20,山水,,,萬上遴,清,1,購藏,無,縱86.5 橫46,國畫,,,,,,,,,,國立歷史博物館藏《山水》（27370），創作於清朝晚期，寫意山水，水墨設色。描寫山谷中林木間，有一隱逸人家，瓦屋堂下有一古裝高士正展卷讀書。屋後為一圍牆，隔牆竹林之外可看見蜿蜒之溪流通向遠方之山巒，遠方水岸與山腳輪廓模糊，表現潤澤氤氳雲霧之氣。畫面題字：「甲戌桂秋，輞岡上遴。」作者萬上遴（1739∼1813）清朝江西分宜（分宜城郊輞岡）人。字殿卿，號輞岡。拔貢生。曾任清宮畫院待詔，專事書畫。詩、畫、行、草，均「細筋入骨」。 晚年工山水，所畫林壑深邃，有「尺幅千里之勝」，亦善畫墨蘭與以指墨作梅花。許廉使稱其「雙清心跡高徐孺，三紀才名老鄭燮」，詩、書、畫均稱絕，將他比作鄭板橋，可見時人評價之高。見《畫林新詠》、《懷古田舍梅統》、《明清名人畫竹冊》。,,,,,,,,,,賴貞儀
27371,,(57)博入字第001號,1968.01.20,仿唐伯虎美人圖,,,真然,清,1,購藏,無,縱120 橫30,國畫,,,,,,,,,,國立歷史博物館藏《仿唐伯虎美人圖》（27371），創作於19世紀之仕女畫，水墨設色，仿明朝唐寅風格。描繪庭園中一古裝紅衣麗人右手支頤，若有所思，倚立於奇岩之後。背景以清雅墨竹襯托，脩竹之後繼以淡墨隱約?出梅樹的枝椏與花影。畫面題字：「擬唐子畏筆意，奉映台一兄大人雅正。野航蓮溪。」作者真然（1816-1884）清朝僧人，生於江蘇興化。俗性丁，自稱俗丁，名真然，字蓮溪（一作痙溪），一號野航，又稱黃山樵子。道光二十四年（1844）至揚州，吳幼蓮見所畫盈丈人物、仙佛，落筆穩成，驚為絕技，因此知名。亦善禽魚、花卉、走獸，山水。畫荷蕭然出塵，兼工篆刻。中年遊黃山，縱覽當地所藏宋元名跡，畫藝益進。六十外率以蘭竹應人。汪鈞跋其畫蘭卷，謂用筆逕取黃庭，有靜穆之度，至形似又合趙孟頫、文徵明模範。,,,,,,,,,,賴貞儀
27372,,(57)博入字第001號,1968.01.20,人物,,,王素,清,1,購藏,無,縱65 橫30,國畫,,,,,,,,,,國立歷史博物館藏《人物》（27372），創作於19世紀之人物畫，水墨設色，描繪一袒腹羅漢，足著草鞋，左臂間夾一竹杖而立，左手持琵琶，右手撥弦彈奏。畫面題字：「邗上小梅王素。」作者王素（1794—1877）甘泉（今江蘇揚州）人。字小梅，晚號遜之。幼師鮑芥田，又多臨華巖，凡人物、花鳥、走獸、蟲魚，無不入妙。道光初與魏小眠、王應祥並駕。自悔書拙，每晨必臨數百字，至老無間。咸豐三年（1853）太平天國克揚州，遷邵伯，又遷郭村，逾年返揚。有請畫南北斗星君像，乃詣蕃厘觀圖其塑像為稿本，其虛心若此。篆刻效法漢印，為畫名所掩。《清畫家詩史》、《墨林今話續編》、《揚州畫苑錄》、《清朝書畫家筆錄》、《廣印人傳》均有載旗生平，為揚州十小首推代表人物。傳世作品人物畫成就最大，上海博物館所藏的《鍾馗圖》，是王素人物畫作品中的佳作。《二湘圖》及《春雷起蟄圖》，現藏日本。,,,,,,,,,,賴貞儀
27410,,(57)博入字第006號,1968.07.17,人物,,,趙冕,清,1,購藏,無,縱169 橫76,國畫,,,,,,,,,,國立歷史博物館藏《人物》（27410），創作於1874年秋之人物畫，工筆勾勒，水墨設色，描繪庭園中梅樹下奇石前，有一戴冠袍服之中年鬚髯男子，兩位侍從持著繪有鳳鳥圖案的石綠扇子立於身後，另有一黃衣女子與紅衣小婢亦持物侍立於前，園中地上置放有鼎與瓷盆等器物。畫面題字：「玉壺山人有此本。甲戌秋九月上沅冠山趙冕擬之。」作者趙冕，清代淮安人，字冠山。畫人物娟秀欲滴，喜用水法，多新意，亦能花卉。《畫錄識餘》：「趙林，字竹坪，畫人物，堅凝之處如改琦，作《大觀園圖》，情景兼到。」趙冕之兄趙林，人物畫家；趙冕自幼隨其學畫，成年後又遍遊揚州、上海等地，重視繼承傳統，融匯百家之長，充分吸收揚州畫派、海上畫派的長處。《續篡山陽縣志》「以寫生著者趙冕字冠山」，《畫錄識餘》亦有其「畫人物娟秀欲滴」的記載。趙冕在淮安以畫像為業，有時也兼寫人物、花卉。因兼容汲取西畫之速寫與設色技法，表現新穎生動的豐富繪畫風格。,,,,,,,,,,賴貞儀
27411,,(57)博入字第006號,1968.07.17,人物,,,王樹穀,清,1,購藏,無,縱131 橫62,國畫,,,,,,,,,,國立歷史博物館藏《人物》（27411），創作於清朝之人物畫，工筆勾勒，水墨設色，描繪有一袍服雅士頭罩紗巾，閒坐於庭院蕉石清蔭旁木椅上，觀看兩位僮僕以繩索吊於樹梢傳遞物事，另一名僮僕則以木杓於樹下瓷缸中汲舀。畫面題款：「鹿公寫。」作者王樹轂（谷） (1649-1733)清書畫家，浙江仁和（今杭州）人。字原豐，號無我、鹿公、石屋、石屋居士，又號方外布衣，一作文外布衣，晚號栗園叟、慈竹君、一笑先生，。工寫人物，重視人物神態描寫，所作衣紋輕圓秀勁，線條流暢，設色古雅，質樸清穩。雍正十年(1732)作《郭子儀檢玩圖》，十一年(1733)作《人物圖》軸。傳世作品有康熙三十年(1691)《學士校書圖》軸，著錄於《古代書畫過目彙考》；六十一年《弄胡琴圖》軸、《四友圖》軸，現藏故宮博物院；雍正七年(1729)作《煮茶圖》軸藏中央美術學院；八年(1730)作《人物圖冊》藏上海博物館；二年(1724)作《雜畫冊》藏浙江省博物館。,,,,,,,,,,賴貞儀
27412,,(57)博入字第006號,1968.07.17,人物,,,管希寧,清,1,購藏,無,縱109 橫52.5,國畫,,,,,,,,縱190   橫62,,國立歷史博物館藏《人物》（27412），創作於1775年清朝乾隆四十年之嬰戲圖人物畫，工筆勾勒，水墨設色。描繪五位孩童，穿著不同顏色之服飾，各持富有吉祥寓意象徵之不同物事，如梅花枝、柿子與稻穗、如意、海螺等，互相展示炫耀，表情生動。 畫面題款：「乾隆乙未江都管希寧摹。」 作者管希寧（1712-1785），清代江都（今江蘇揚州）人。字幼孚，號平原生，又號金牛山人。詩書畫印皆擅長。李斗《揚州畫舫錄·卷二》、汪鋆《揚州畫苑錄·卷一》、馮金伯《墨香居畫識·卷七》及《中國美術家名人辭典》中均有提及。他的書法兼篆、籀、真、行，旁及金石，著作《就懦齋言印》、《就懦齋詩集》、《金牛山人印譜》傳世。與揚州八怪的交往密切。善山水，筆墨雅淡，格調高古。亦寫花草，清新越俗。工人物，北京故宮博物院收藏其《元宵行樂圖》，形象古雅，神態歡愉。在清代書畫史上管希寧頗受好評。謝?在其《書畫所見錄》中特別欣賞管希寧「專以淡雅為宗，其設色，意而已矣，其一種幽靜之致，似不食煙火者為之也。」稱這類作品為「仙品」。,,,,,,,,,,賴貞儀
27413,,(57)博入字第006號,1968.07.17,竹林七賢,,,彭暘,清,1,購藏,無,縱132 橫65,國畫,,,,,,,,,,國立歷史博物館藏《竹林七賢》（27413），創作於1927年。工筆勾勒，水墨設色。描繪西晉初期的玄學代表人物竹林七賢，阮籍、嵇康、山濤、劉伶、阮咸、向秀、王戎七人。他們常集於嵇康的寓居地山陽縣，在竹林之下下棋，賞樂，論字畫，肆意酣暢。畫中山谷間竹林處處，有七名雅士與三名隨從，或騎驢，或漫步山林間，或弈棋，或撫琴賞樂。畫面題款：「竹林七賢。丁卯春月擬仇實父畫法。蜀南丹稜山民彭暘偶寫。」作者彭暘(1859-)，清末民初畫家，四川丹稜人。字春谷，號伴鶴道人，丹稜山樵、丹山谷隱、室名「知不足齋」，工畫山水、花卉、人物，點染流麗，生動盡致。光緒初年應聘為景德鎮御窯畫師。《中國美術家名人辭典》載其事。曾任袁世凱宮廷畫師，繪製「洪憲瓷」。後寓居天津，成為京津畫派著名畫家。工畫山水、花卉、人物，尤擅青綠山水，對於文徵明、唐伯虎、仇英更是臨摹效法，獨幟特色。亦善人物故事；工細秀雅，色彩清艷，乃清末民初青綠山水畫之集大成者。,,,,,,,,,,賴貞儀
27414,,(57)博入字第006號,1968.07.17,設色山水,,,楊晉,清,1,購藏,無,縱110 橫53.5,國畫,,,,,,,,,,國立歷史博物館藏《設色山水》（27414），創作於1717年中秋。水墨設色山水。峰巒輕疊，雲霧氤氳，溪橋漁浦，洲渚掩映的董源風格江南景色，著色輕淡，山石用披麻皴，平淡天真。畫面題款：「數株梅向林梢出，一脈泉從嶺背來。丁酉中秋撫北苑筆法，虞山楊晉。」作者楊晉（1644-1728）為清代宮廷畫家，江蘇常熟人。字子和，一字子鶴，號西亭，自號谷林樵客、鶴道人，又署野鶴。從王翬習山水，嘗與繪聖祖南巡圖頗精。善畫農村景物，寫意夕陽芳草，郊牧之風宛然在目；尤善畫牛，兼及人物寫真，花鳥草蟲。楊晉亦以畫界畫見長，融合傳統工筆界畫的特色，將人工建築的樓閣台榭及人物舉止和天然山水景色緊密結合起來，構圖滿而不過，畫風細緻明秀、清新自然。,,,,,,,,,,賴貞儀
27415,,(57)博入字第006號,1968.07.17,山水,,,陶錐庵,,1,購藏,無,縱109 橫51,國畫,,,,,,,,,,國立歷史博物館藏《山水》（27415），創作於1858年仲冬。水墨設色山水。刻意取趙孟頫水?圖筆意，描繪寧謐靜幽的南方山村水鄉，山岩多以披麻皴?畫肌理，霧氣氳氤，草木潤澤，表現水鄉澤國之簡遠風光。畫面題款：「仿趙松雪水?圖，戊午仲冬上旬畫於秦陽別墅，即奉百川大兄先生雅鑑。蘆源弟陶紹源。」作者陶淇(1814-1865)，清浙江秀水（今浙江嘉興）人。名紹源，字辛伯，號錐庵，自號老辛。山水筆意?秀，樹石幽雅。晚年專摹王翬，一樹一石無不肖似，惜為所縛，未能擺脫。花卉姿致妍雅，用筆柔和超逸。能詩，尤工題跋。著有《忠孝堂集》。見《秀水縣志》、《小蓬萊閣畫鑑》、《清畫家詩史》、《海上墨林》。遠山清朗，湖水平靜，秋林蕭疏，畫境清幽空闊，一派秋意盎然，極富韻律和文人畫秀潤空靈的美感，頗具吳門畫派之風。,,,,,,,,,,賴貞儀
27416,,(57)博入字第006號,1968.07.17,溪山秋霽圖,,,何維樸,民國,1,購藏,無,縱130 橫55,國畫,,,,,,,,,,國立歷史博物館藏《溪山秋霽圖》（27416）， 創作於1916年春。水墨設色山水。描繪秋日溪山風光，層巖疊嶂以披麻皴風格?畫岩石肌理，遠山雲氣氳氤，近景林木?鬱，江岸垂柳處有人家屋舍，江面可見衣紅衣舟子垂釣。隨著江水蜿蜒，有平遠沙洲，小橋樵夫，江畔三兩茅舍，山間亭台，有蒼松亦有秋橙，草木潤澤，景致寧謐悠然。畫面題字：「溪山秋霽。西盧晚年筆墨蒼老中復饒秀?之致，此高出諸家處雖耕煙之精，能有弗逮也。丙辰春重，七十五叟詩孫何維樸。」作者何維樸（1842-1922）清湖南道縣人。字詩孫，晚號盤止，亦號盤叟，又號秋華居士、晚遂老人，室名頤素齋、盤梓山房。何紹基之孫。同治六年（1867）鄉試副貢，官內閣中書，協辦侍讀，江蘇候補知府。工書畫。畫以山水著稱，宗婁東四家，清遠高妙，對於古畫之鑑別尤精。書摹其祖紹基，亦得其神似。亦精篆刻。有印文曰清涼山下轉輪僧。收藏古印甚多，有《頤素齋印存》六卷傳世。,,,,,,,,,,賴貞儀
29879,,(59)博入字第001號,1970.03.05,風舞幽香,,,高劍父,清末民初,1,受贈,高勵節,縱63 橫42,國畫,,,,,,,,,,國立歷史博物館藏《風舞幽香》（29879），水墨寫意花卉小品，以較深之墨色逸筆草草寫蘭葉之姿，再以較淺淡濕潤之筆寫意其後另一株枝葉。畫面有題款：「劍父。」篆印紅字「劍父」、篆印白字「番禺高崙」。此作由畫家之子高勵節捐贈國立歷史博物館。作者高劍父（1879-1951），晚清畫家，廣東番禺（今廣州）人。名崙，字劍父，後以字行。畢業於東京美術學校。嶺南畫派的創始人之一，與高奇峰、陳樹人並稱「嶺南三傑」，倡導美育，推行中國畫的革新運動，人稱嶺南畫派。高劍父有深厚的傳統基礎，寫意、工筆皆擅長。山水、人物、翎毛、花卉以至草蟲禽獸皆能，融合傳統繪畫多種技法，又汲取日本畫、西洋畫風格，重視透視和立體感、設色大膽等表現技法，並重寫生，獨創個人新風格。其花鳥表現手法不拘一格。所作水墨花鳥，放縱似徐渭。又以石恪、梁楷一體“減筆”畫人物，著墨敷彩不多，寥寥數筆，生動傳神。,,,,,,,,,,賴貞儀
30017,,(60)博入字第003號,1971.04.07,袁氏畫冊,,,,,23,受贈,袁叔武,縱32 橫25.5,國畫,,,,,,,,,,國立歷史博物館藏《袁氏畫冊》（30017）， 創作於1899年(光緒25年)冬，花卉冊頁，第一頁至第十二頁為不同時節所寫之不同花卉，有菊石、牡丹、水仙、梅花、蘭花等；第十三頁至第二十三頁為跋。各頁花卉工筆設色，勾染精妍，賦色鮮麗。每一頁皆有款與鈐印，並題記己亥年作畫之時節。作者袁世彤（1867-1916），清末民初河南項城人，袁世凱同母兄弟，行六，字孟昂，又號文龍。光緒十四年（1888），曾報捐同知，後又報捐道員。光緒十九年（1893）任參贊出使英、法、比利時等國，三年後回國棄官回到項城老家袁寨，以蒔花種竹為樂，閉門謝客，作畫自娛，並無師承，以臨摹當時著名畫家惲壽平沒骨畫法為主，用筆秀逸。,,,,,,,,,,賴貞儀
30027,,(60)博入字第004號,1971.04.12,涉事圖,,,八大山人(傳),,1,受贈,美國人普克斯遺贈,縱139 橫67,國畫,,,,,,,,,,國立歷史博物館藏《涉事圖》（30027），水墨走獸，以寫意筆法描寫一隻靈緹犬與一鷹科猛禽兩相對視對峙。畫面左上題款：「涉事。八大山人」右上題跋：「普克斯顧問惠存，吉星福敬贈。」表示此畫曾為第一屆國民大會代表吉星福舊藏，贈送與美國普克斯顧問，後者過世後又遺贈國立歷史博物館。吉星福與其妻張振芳夫婦晚年曾將家傳國寶13箱共213件古物，捐贈給台北故宮博物院典藏，獲李登輝總統明令褒揚。作者八大山人，名朱耷，江西南昌人，明末清初畫家、書法家，清初畫壇四僧之一。為明寧獻王朱權九世孫，明亡後落髮為僧，法名傳綮，字刃庵。又用過雪個、個山、個山驢、驢屋、人屋、道朗等號，後又入青雲譜為道。擅書畫，花鳥以水墨寫意為主，形象誇張奇特，筆墨凝煉沈毅，風格雄奇雋永；山水師法董其昌，筆致簡潔，得疏曠之韻，擅書法能詩文。他的作品往往以像徵手法抒寫心意，如畫魚、鴨、鳥等，皆以白眼向天，充滿倔強之氣。筆墨特點以放任恣縱見長，蒼勁圓秀，清逸橫生，不論大幅或小品都有渾樸酣暢又明朗秀健的風神，章法結構不落俗套於不完整中求完整。,,,,,,,,,,賴貞儀
30951,,(61)博入字第003號,1972.08.31,塔,,,高劍父,清末民初,1,受贈,余漢謨,縱135 橫65,國畫,,,,,,,,縱228   橫82,中堂,國立歷史博物館藏《塔》（30951）， 水墨山水，描繪雲霧中一高塔，天色、霧氣、山林皆以水墨渲染來表現形象和質感，罕用傳統中國山水畫線條筆法。畫面題款：「劍父」，鈐印紅字：「廣州番禺縣」。本件畫作由余漢謀（1896-1981）將軍捐贈國立歷史博物館。作者高劍父（1879∼1951），晚清畫家，廣東番禺（今廣州）人。名崙，字劍父，後以字行。畢業於東京美術學校。嶺南畫派的創始人之一，與高奇峰、陳樹人並稱「嶺南三傑」，倡導美育，推行中國畫的革新運動，人稱嶺南畫派。高劍父有深厚的傳統基礎，寫意、工筆皆擅長。山水、人物、翎毛、花卉以至草蟲禽獸皆能，融合傳統繪畫多種技法，又汲取日本畫、西洋畫風格，重視透視和立體感、設色大膽等表現技法，並重寫生，獨創個人新風格。其山水畫氣勢磅?，所作朝陽夕照，風雨晦冥，煙霞雲霧之景，生動地再現了南國山川的秀麗多姿。作品多用水墨渲染，用筆潑辣，時作沒骨法，除樹石局部略用線條外，天色、水光和雲霧都以水墨渲染，墨卷波濤，筆縮雲煙，深淺遠近，詩意盎然。,,,,,,,,,,賴貞儀
30952,,(61)博入字第003號,1972.08.31,鷹,,,高奇峰,清末民初,1,受贈,余漢謨,縱156 橫79,國畫,,,,,,,,,,國立歷史博物館藏《鷹》（30952），水墨翎毛，寫意筆法描寫一隻棲息於岩顛之鷹，鷹爪箕張，雙翼欲振，神情威猛。畫面題字：「動翼凌千仞，寒聲聳九?，奇峰。」，鈐印紅字：「奇峰畫印 」、白字：「高?長壽」。作者高奇峰（1889-1933），晚清畫家，廣東番禺（今廣州）人。名?，字奇峰，以字行。少年時隨父兄習畫，後東渡日本，對京都畫派名家技藝有極深研究。與兄高劍父、陳樹人並稱「嶺南三傑」，倡導美育，推行中國畫的革新運動。他將傳統的筆墨功夫，以及撞水 、撞粉等花卉畫中的特殊技巧，運用於飛禽走獸和山水，達到形體逼真又生氣勃勃的效果，構成雄偉兼秀美的獨特風格。書法用筆老辣，功底深厚。繪畫題材以翎毛走獸、花卉、山水為主，尤喜畫鷹、獅和虎等猛禽，亦能人物，用筆能工能寫，工者用筆細緻入微，寫者水墨淋漓。,,,,,,,,,,賴貞儀
31572,,(62)博入字第001號,1973.03.31,紺地金泥十六善神三尊佛,,,,,1,受贈,日本三富株式會社社長繩野源吾贈,縱136 橫66,國畫,,,,,,,,,,國立歷史博物館藏《紺地金泥十六善神三尊佛》（31572）， 本唐卡描繪釋迦三尊，以釋迦如來為主尊；左右兩脅侍則或為文殊、普賢二菩薩（此稱華嚴三聖）。由主尊及左右兩脅侍組成的佛像形式稱三尊，最早起源於印度，三尊佛的組合形式，主要有︰釋迦三尊、阿彌陀三尊與藥師三尊。十六善神又稱為十六神王、十六大藥叉將等，指守護般若經及持誦者的十六尊夜叉善神。本唐卡之主尊釋迦牟尼佛安住在畫面上方中央位置，面龐圓潤、神態安詳、法相莊嚴。右手結說法印，左手結禪定印，全跏趺座安住於須彌台獅子座蓮台之上。法座右側為騎獅的文殊菩薩，左側為騎象的普賢菩薩。釋迦牟尼佛與文殊菩薩和普賢菩薩皆以泥金作金色身，莊嚴醒目，組成釋迦三尊像。在三尊像二側圍繞有十六尊善神，從中我們可以分辨出四天王的形象。在畫面右下方出現了一位中國和尚，手持拂子，背負滿載佛經的行笈，風塵僕僕，為前往印度取經的唐代玄奘大師。,,,,,,,,,,賴貞儀
31779,,(63)博入字第011號,1974.05.15,雙手,,,王濟遠,民國,1,受贈,王濟遠,縱30.5 橫40.5,國畫,,,,,,,,,,國立歷史博物館藏《雙手》（31779），創作年代不詳，以水墨?寫描繪一雙正於案前白紙上作畫之手，左手壓住紙張，右手持毛筆正在開始描寫手形，已約略?出姆指外型。畫面題字「濟遠寫雙手」。作者王濟遠（1893-1975）原籍安徽，成長於江蘇武進。中國早期水彩畫創作推動者。1920年參與西洋畫社團「天馬會」， 1927年創辦「藝苑繪畫研究所」。與畫家張善孖、張大千、陳澄波及潘玉良等時相往來。1931 年任教上海美專，後又參與由龐薰?、倪貽德等發起「決瀾社」，為當時畫壇帶來新興現代繪畫氣象。1941年起定居美國，創辦華美畫學院，傳授中國畫藝及書法。1971年在美國史密斯桑寧博物館安排下，與張大千各以15幅作品展出。曾分別於1959年及1973年訪台，並於1973年捐贈作品予國立歷史博物館及故宮博物院。繪畫創作中西兼具，以水彩畫見長。國畫重寫生，墨色淋漓。早年編有高中水彩畫教本，《濟遠水彩畫集》等。為中國早期水彩畫家中很有影響的畫家。曾自述：「現代中國畫中的筆法的精粹，在於其獨立性。它並非模仿古代大師，而是表現出藝術家本身自由的精神。這種獨立性，是經年的學習及失敗的錘鍊而得，從而創造出一種融合西方寫真的觀寫及傳統中國藝術中對紙、筆、墨的運用的藝術。」,,,,,,,,,,賴貞儀
31780,,(63)博入字第011號,1974.05.15,叢蘭,,,王濟遠,民國,1,受贈,王濟遠,縱41.5 橫121,國畫,,,,,,,,,,國立歷史博物館藏《叢蘭》（31780）， 作於1960年2月16日，水墨寫意，描繪水畔石邊生長茂盛之蘭草與花朵， 畫面題字「水濱佛麗守，伴之有靈石，幽芳在空碧，可望不可折。1960年2月16日濟遠並題」。作者王濟遠（1893-1975）原籍安徽，成長於江蘇武進。中國早期水彩畫創作推動者。1920年參與西洋畫社團「天馬會」， 1927年創辦「藝苑繪畫研究所」。與畫家張善孖、張大千、陳澄波及潘玉良等時相往來。1931 年任教上海美專，後又參與由龐薰?、倪貽德等發起「決瀾社」，為當時畫壇帶來新興現代繪畫氣象。1941年起定居美國，創辦華美畫學院，傳授中國畫藝及書法。1971年在美國史密斯桑寧博物館安排下，與張大千各以15幅作品展出。曾分別於1959年及1973年訪台，並於1973年捐贈作品予國立歷史博物館及故宮博物院。繪畫創作中西兼具，以水彩畫見長。國畫重寫生，墨色淋漓。早年編有高中水彩畫教本，《濟遠水彩畫集》等。為中國早期水彩畫家中很有影響的畫家。曾自述：「現代中國畫中的筆法的精粹，在於其獨立性。它並非模仿古代大師，而是表現出藝術家本身自由的精神。這種獨立性，是經年的學習及失敗的錘鍊而得，從而創造出一種融合西方寫真的觀寫及傳統中國藝術中對紙、筆、墨的運用的藝術。」,,,,,,,,,,賴貞儀
31781,,(63)博入字第011號,1974.05.15,紫玉蘭,,,王濟遠,民國,1,受贈,王濟遠,縱30.5 橫40.5,國畫,,,,,,,,,,國立歷史博物館藏《紫玉蘭》（31781）， 作於1962年11月8日，水墨寫意，描繪紫玉蘭樹枝頭之枝葉，葉片明暗向背色澤與姿態形色各異，交錯而成，展現畫家對形象、線條、色彩等繪畫基本問題的探索。畫面題字「玉蘭枝葉之交錯，與色之明滅。1962年11月8日濟遠寫」。作者王濟遠（1893-1975）原籍安徽，成長於江蘇武進。中國早期水彩畫創作推動者。1920年參與西洋畫社團「天馬會」， 1927年創辦「藝苑繪畫研究所」。與畫家張善孖、張大千、陳澄波及潘玉良等時相往來。1931 年任教上海美專，後又參與由龐薰?、倪貽德等發起「決瀾社」，為當時畫壇帶來新興現代繪畫氣象。1941年起定居美國，創辦華美畫學院，傳授中國畫藝及書法。1971年在美國史密斯桑寧博物館安排下，與張大千各以15幅作品展出。曾分別於1959年及1973年訪台，並於1973年捐贈作品予國立歷史博物館及故宮博物院。繪畫創作中西兼具，以水彩畫見長。國畫重寫生，墨色淋漓。早年編有高中水彩畫教本，《濟遠水彩畫集》等。為中國早期水彩畫家中很有影響的畫家。曾自述：「現代中國畫中的筆法的精粹，在於其獨立性。它並非模仿古代大師，而是表現出藝術家本身自由的精神。這種獨立性，是經年的學習及失敗的錘鍊而得，從而創造出一種融合西方寫真的觀寫及傳統中國藝術中對紙、筆、墨的運用的藝術。」,,,,,,,,,,賴貞儀
31782,,(63)博入字第011號,1974.05.15,感恩節在紐約中央公園,,,王濟遠,民國,1,受贈,王濟遠,縱50 橫32,國畫,,,,,,,,,,國立歷史博物館藏《感恩節在紐約中央公園》（31782）， 創作年代不詳，可能為作者1941年起定居美國後之創作。描繪紐約中央公園一隅於感恩節之景象。樹葉落盡的大樹下有小販與闔家出遊的遊客和穿著顏色鮮豔冬衣冬帽的孩童，其中一個藍衣女童還拿著一個氣球。畫面左下有作者姓名英文字母縮寫「C .Y.」，左下有紅字鈐印「濟遠」。作者王濟遠（1893-1975）原籍安徽，成長於江蘇武進。中國早期水彩畫創作推動者。1920年參與西洋畫社團「天馬會」， 1927年創辦「藝苑繪畫研究所」。與畫家張善孖、張大千、陳澄波及潘玉良等時相往來。1931 年任教上海美專，後又參與由龐薰?、倪貽德等發起「決瀾社」，為當時畫壇帶來新興現代繪畫氣象。1941年起定居美國，創辦華美畫學院，傳授中國畫藝及書法。1971年在美國史密斯桑寧博物館安排下，與張大千各以15幅作品展出。曾分別於1959年及1973年訪台，並於1973年捐贈作品予國立歷史博物館及故宮博物院。繪畫創作中西兼具，以水彩畫見長。國畫重寫生，墨色淋漓。早年編有高中水彩畫教本，《濟遠水彩畫集》等。為中國早期水彩畫家中很有影響的畫家。曾自述：「現代中國畫中的筆法的精粹，在於其獨立性。它並非模仿古代大師，而是表現出藝術家本身自由的精神。這種獨立性，是經年的學習及失敗的錘鍊而得，從而創造出一種融合西方寫真的觀寫及傳統中國藝術中對紙、筆、墨的運用的藝術。」,,,,,,,,,,賴貞儀
31783,,(63)博入字第011號,1974.05.15,垂枝叢蘭,,,王濟遠,民國,1,受贈,王濟遠,縱10.5 橫57.5,國畫,,,,,,,,,,國立歷史博物館藏《垂枝叢蘭》（31783）， 作於1968年春，水墨寫意，白描?寫蘭草叢中一莖數朵蘭花綻放枝頭之姿態，花苞開放的姿態各異，有向有背錯落有緻。畫面題字「垂枝叢蘭姿態新，花歌葉舞筆縱橫濟遠寫雙手」。作者王濟遠作於1965年7，輕描淡寫意所託，雪窗凝寒氣質新。戊申春仲既望，寥東閣主人並題。」作者王濟遠（1893-1975）原籍安徽，成長於江蘇武進。中國早期水彩畫創作推動者。1920年參與西洋畫社團「天馬會」， 1927年創辦「藝苑繪畫研究所」。與畫家張善孖、張大千、陳澄波及潘玉良等時相往來。1931 年任教上海美專，後又參與由龐薰?、倪貽德等發起「決瀾社」，為當時畫壇帶來新興現代繪畫氣象。1941年起定居美國，創辦華美畫學院，傳授中國畫藝及書法。1971年在美國史密斯桑寧博物館安排下，與張大千各以15幅作品展出。曾分別於1959年及1973年訪台，並於1973年捐贈作品予國立歷史博物館及故宮博物院。繪畫創作中西兼具，以水彩畫見長。國畫重寫生，墨色淋漓。早年編有高中水彩畫教本，《濟遠水彩畫集》等。為中國早期水彩畫家中很有影響的畫家。曾自述：「現代中國畫中的筆法的精粹，在於其獨立性。它並非模仿古代大師，而是表現出藝術家本身自由的精神。這種獨立性，是經年的學習及失敗的錘鍊而得，從而創造出一種融合西方寫真的觀寫及傳統中國藝術中對紙、筆、墨的運用的藝術。」,,,,,,,,,,賴貞儀
31784,,(63)博入字第011號,1974.05.15,紐約中央公園,,,王濟遠,民國,1,受贈,王濟遠,縱25 橫35.5,國畫,,,,,,,,,,國立歷史博物館藏《紐約中央公園》（31784）， 創作年代不詳，應為作者1941年起定居美國後之創作。寫意彩墨，描繪紐約中央公園池塘邊的蓋普斯托拱橋（Gapstow Bridge）前一景，扶疏之樹木與老橋、樹影、綠水，與遠方背景之公園周邊城市高樓，寫出該公園最著名的景點之ㄧ。作者王濟遠（1893-1975）原籍安徽，成長於江蘇武進。中國早期水彩畫創作推動者。1920年參與西洋畫社團「天馬會」， 1927年創辦「藝苑繪畫研究所」。與畫家張善孖、張大千、陳澄波及潘玉良等時相往來。1931 年任教上海美專，後又參與由龐薰?、倪貽德等發起「決瀾社」，為當時畫壇帶來新興現代繪畫氣象。1941年起定居美國，創辦華美畫學院，傳授中國畫藝及書法。1971年在美國史密斯桑寧博物館安排下，與張大千各以15幅作品展出。曾分別於1959年及1973年訪台，並於1973年捐贈作品予國立歷史博物館及故宮博物院。繪畫創作中西兼具，以水彩畫見長。國畫重寫生，墨色淋漓。早年編有高中水彩畫教本，《濟遠水彩畫集》等。為中國早期水彩畫家中很有影響的畫家。曾自述：「現代中國畫中的筆法的精粹，在於其獨立性。它並非模仿古代大師，而是表現出藝術家本身自由的精神。這種獨立性，是經年的學習及失敗的錘鍊而得，從而創造出一種融合西方寫真的觀寫及傳統中國藝術中對紙、筆、墨的運用的藝術。」,,,,,,,,,,賴貞儀
31785,,(63)博入字第011號,1974.05.15,綠牡丹,,,王濟遠,民國,1,受贈,王濟遠,縱30.5 橫40.5,國畫,,,,,,,,,,國立歷史博物館藏《綠牡丹》（31785）， 創作年代不詳，寫意花卉，以彩墨暈染描寫一株盛開之黃蕊綠牡丹花與其繁茂的綠葉紅枝。畫面題字「綠牡丹」，右下有紅字鈐印「濟遠」。作者王濟遠（1893-1975）原籍安徽，成長於江蘇武進。中國早期水彩畫創作推動者。1920年參與西洋畫社團「天馬會」， 1927年創辦「藝苑繪畫研究所」。與畫家張善孖、張大千、陳澄波及潘玉良等時相往來。1931 年任教上海美專，後又參與由龐薰?、倪貽德等發起「決瀾社」，為當時畫壇帶來新興現代繪畫氣象。1941年起定居美國，創辦華美畫學院，傳授中國畫藝及書法。1971年在美國史密斯桑寧博物館安排下，與張大千各以15幅作品展出。曾分別於1959年及1973年訪台，並於1973年捐贈作品予國立歷史博物館及故宮博物院。繪畫創作中西兼具，以水彩畫見長。國畫重寫生，墨色淋漓。早年編有高中水彩畫教本，《濟遠水彩畫集》等。為中國早期水彩畫家中很有影響的畫家。曾自述：「現代中國畫中的筆法的精粹，在於其獨立性。它並非模仿古代大師，而是表現出藝術家本身自由的精神。這種獨立性，是經年的學習及失敗的錘鍊而得，從而創造出一種融合西方寫真的觀寫及傳統中國藝術中對紙、筆、墨的運用的藝術。」,,,,,,,,,,賴貞儀
31786,,(63)博入字第011號,1974.05.15,蘭花,,,王濟遠,民國,1,受贈,王濟遠,縱66 橫34,國畫,,,,,,,,,,國立歷史博物館藏《蘭花》（31786）， 作於1948年4月1日，以水墨設色，描繪開花之蘭草，先以細緻墨線乾筆勾出輪廓細節，再以水墨或濃或淡渲染形體，最後以紅色點染蘭花花蕊。畫面題字「1948年4月1日，濟遠寫蘭於紐約」。並有一紅字鈐印「濟」。作者王濟遠（1893-1975）原籍安徽，成長於江蘇武進。中國早期水彩畫創作推動者。1920年參與西洋畫社團「天馬會」， 1927年創辦「藝苑繪畫研究所」。與畫家張善孖、張大千、陳澄波及潘玉良等時相往來。1931 年任教上海美專，後又參與由龐薰?、倪貽德等發起「決瀾社」，為當時畫壇帶來新興現代繪畫氣象。1941年起定居美國，創辦華美畫學院，傳授中國畫藝及書法。1971年在美國史密斯桑寧博物館安排下，與張大千各以15幅作品展出。曾分別於1959年及1973年訪台，並於1973年捐贈作品予國立歷史博物館及故宮博物院。繪畫創作中西兼具，以水彩畫見長。國畫重寫生，墨色淋漓。早年編有高中水彩畫教本，《濟遠水彩畫集》等。為中國早期水彩畫家中很有影響的畫家。曾自述：「現代中國畫中的筆法的精粹，在於其獨立性。它並非模仿古代大師，而是表現出藝術家本身自由的精神。這種獨立性，是經年的學習及失敗的錘鍊而得，從而創造出一種融合西方寫真的觀寫及傳統中國藝術中對紙、筆、墨的運用的藝術。」,,,,,,,,,,賴貞儀
31787,,(63)博入字第011號,1974.05.15,白菊花,,,王濟遠,民國,1,受贈,王濟遠,縱61 橫34,國畫,,,,,,,,,,國立歷史博物館藏《白菊花》（31787）， 1948年11月創作於紐約勃泰宜格公園中，以?寫設色描繪秋日盛開之菊花，其中以兩株最醒目之黃蕊白菊姿態最絢麗爭妍，陪襯於側尚有體積較小之紅菊數朵，綻放於以逸筆淡墨勾勒之岩石細草旁。畫面題字「1948年11月，濟遠寫於紐約勃泰宜格公園中」。並有一紅字鈐印「濟」。作者王濟遠（1893-1975）原籍安徽，成長於江蘇武進。中國早期水彩畫創作推動者。1920年參與西洋畫社團「天馬會」， 1927年創辦「藝苑繪畫研究所」。與畫家張善孖、張大千、陳澄波及潘玉良等時相往來。1931 年任教上海美專，後又參與由龐薰?、倪貽德等發起「決瀾社」，為當時畫壇帶來新興現代繪畫氣象。1941年起定居美國，創辦華美畫學院，傳授中國畫藝及書法。1971年在美國史密斯桑寧博物館安排下，與張大千各以15幅作品展出。曾分別於1959年及1973年訪台，並於1973年捐贈作品予國立歷史博物館及故宮博物院。繪畫創作中西兼具，以水彩畫見長。國畫重寫生，墨色淋漓。早年編有高中水彩畫教本，《濟遠水彩畫集》等。為中國早期水彩畫家中很有影響的畫家。曾自述：「現代中國畫中的筆法的精粹，在於其獨立性。它並非模仿古代大師，而是表現出藝術家本身自由的精神。這種獨立性，是經年的學習及失敗的錘鍊而得，從而創造出一種融合西方寫真的觀寫及傳統中國藝術中對紙、筆、墨的運用的藝術。」,,,,,,,,,,賴貞儀
31788,,(63)博入字第011號,1974.05.15,清趣,,,王濟遠,民國,1,受贈,王濟遠,縱51 橫40.5,國畫,,,,,,,,,,國立歷史博物館藏《清趣》（31788）， 作於1949年9月，水墨寫意，描繪岩石間生長之脩竹，淺墨描繪出岩石形貌與竹竿，深墨寫出竹葉與石上生長之草葉苔癬。畫面題字「清趣。三十八年9月濟遠寫」。並有一紅字鈐印「濟」。作者王濟遠（1893-1975）原籍安徽，成長於江蘇武進。中國早期水彩畫創作推動者。1920年參與西洋畫社團「天馬會」， 1927年創辦「藝苑繪畫研究所」。與畫家張善孖、張大千、陳澄波及潘玉良等時相往來。1931 年任教上海美專，後又參與由龐薰?、倪貽德等發起「決瀾社」，為當時畫壇帶來新興現代繪畫氣象。1941年起定居美國，創辦華美畫學院，傳授中國畫藝及書法。1971年在美國史密斯桑寧博物館安排下，與張大千各以15幅作品展出。曾分別於1959年及1973年訪台，並於1973年捐贈作品予國立歷史博物館及故宮博物院。繪畫創作中西兼具，以水彩畫見長。國畫重寫生，墨色淋漓。早年編有高中水彩畫教本，《濟遠水彩畫集》等。為中國早期水彩畫家中很有影響的畫家。曾自述：「現代中國畫中的筆法的精粹，在於其獨立性。它並非模仿古代大師，而是表現出藝術家本身自由的精神。這種獨立性，是經年的學習及失敗的錘鍊而得，從而創造出一種融合西方寫真的觀寫及傳統中國藝術中對紙、筆、墨的運用的藝術。」,,,,,,,,,,賴貞儀
31789,,(63)博入字第011號,1974.05.15,大富貴,,,王濟遠,民國,1,受贈,王濟遠,縱77 橫54,國畫,,,,,,,,,,國立歷史博物館藏《大富貴》（31789）， 創作年代不詳。水墨寫意筆法描繪一朵妍麗盛開之牡丹花，以接近滿幅的構圖呈現繁茂葉片襯托圍繞的盛放花姿，更增氣勢與聚焦。畫面題字「大富貴」。作者王濟遠（1893-1975）原籍安徽，成長於江蘇武進。中國早期水彩畫創作推動者。1920年參與西洋畫社團「天馬會」， 1927年創辦「藝苑繪畫研究所」。與畫家張善孖、張大千、陳澄波及潘玉良等時相往來。1931 年任教上海美專，後又參與由龐薰?、倪貽德等發起「決瀾社」，為當時畫壇帶來新興現代繪畫氣象。1941年起定居美國，創辦華美畫學院，傳授中國畫藝及書法。1971年在美國史密斯桑寧博物館安排下，與張大千各以15幅作品展出。曾分別於1959年及1973年訪台，並於1973年捐贈作品予國立歷史博物館及故宮博物院。繪畫創作中西兼具，以水彩畫見長。國畫重寫生，墨色淋漓。早年編有高中水彩畫教本，《濟遠水彩畫集》等。為中國早期水彩畫家中很有影響的畫家。曾自述：「現代中國畫中的筆法的精粹，在於其獨立性。它並非模仿古代大師，而是表現出藝術家本身自由的精神。這種獨立性，是經年的學習及失敗的錘鍊而得，從而創造出一種融合西方寫真的觀寫及傳統中國藝術中對紙、筆、墨的運用的藝術。」,,,,,,,,,,賴貞儀
31790,,(63)博入字第011號,1974.05.15,耶誕節花,,,王濟遠,民國,1,受贈,王濟遠,縱31.5 橫45.5,國畫,,,,,,,,,,國立歷史博物館藏《耶誕節花》（31790）， 作於1952年歲末。描繪兩株盛開之聖誕紅，以紅、綠為主色調進行勾勒渲染與濃但深淺變化，描寫其紅花與綠葉兩部分。畫面題字「俯仰自如。1952年歲末連作之四。濟遠寫」。作者王濟遠（1893-1975）原籍安徽，成長於江蘇武進。中國早期水彩畫創作推動者。1920年參與西洋畫社團「天馬會」， 1927年創辦「藝苑繪畫研究所」。與畫家張善孖、張大千、陳澄波及潘玉良等時相往來。1931 年任教上海美專，後又參與由龐薰?、倪貽德等發起「決瀾社」，為當時畫壇帶來新興現代繪畫氣象。1941年起定居美國，創辦華美畫學院，傳授中國畫藝及書法。1971年在美國史密斯桑寧博物館安排下，與張大千各以15幅作品展出。曾分別於1959年及1973年訪台，並於1973年捐贈作品予國立歷史博物館及故宮博物院。繪畫創作中西兼具，以水彩畫見長。國畫重寫生，墨色淋漓。早年編有高中水彩畫教本，《濟遠水彩畫集》等。為中國早期水彩畫家中很有影響的畫家。曾自述：「現代中國畫中的筆法的精粹，在於其獨立性。它並非模仿古代大師，而是表現出藝術家本身自由的精神。這種獨立性，是經年的學習及失敗的錘鍊而得，從而創造出一種融合西方寫真的觀寫及傳統中國藝術中對紙、筆、墨的運用的藝術。」,,,,,,,,,,賴貞儀
31791,,(63)博入字第011號,1974.05.15,拾食,,,王濟遠,民國,1,受贈,王濟遠,縱61 橫33,國畫,,,,,,,,,,國立歷史博物館藏《拾食》（31791）， 作於1953年2月，水墨設色，描繪二隻黃喙黑鳥正在啄食草地上之榖粒。畫面題字「拾食。1953年2月。濟遠寫」。作者王濟遠（1893-1975）原籍安徽，成長於江蘇武進。中國早期水彩畫創作推動者。1920年參與西洋畫社團「天馬會」， 1927年創辦「藝苑繪畫研究所」。與畫家張善孖、張大千、陳澄波及潘玉良等時相往來。1931 年任教上海美專，後又參與由龐薰?、倪貽德等發起「決瀾社」，為當時畫壇帶來新興現代繪畫氣象。1941年起定居美國，創辦華美畫學院，傳授中國畫藝及書法。1971年在美國史密斯桑寧博物館安排下，與張大千各以15幅作品展出。曾分別於1959年及1973年訪台，並於1973年捐贈作品予國立歷史博物館及故宮博物院。繪畫創作中西兼具，以水彩畫見長。國畫重寫生，墨色淋漓。早年編有高中水彩畫教本，《濟遠水彩畫集》等。為中國早期水彩畫家中很有影響的畫家。曾自述：「現代中國畫中的筆法的精粹，在於其獨立性。它並非模仿古代大師，而是表現出藝術家本身自由的精神。這種獨立性，是經年的學習及失敗的錘鍊而得，從而創造出一種融合西方寫真的觀寫及傳統中國藝術中對紙、筆、墨的運用的藝術。」,,,,,,,,,,賴貞儀
31792,,(63)博入字第011號,1974.05.15,百合花,,,王濟遠,民國,1,受贈,王濟遠,縱77.5 橫54,國畫,,,,,,,,,,國立歷史博物館藏《百合花》（31792）， 創作年代不詳。水墨寫意筆法描繪勾寫一株妍麗盛開之百合，枝葉繁盛，花朵姿態生動妍麗，有怒放、有半開、亦有含苞者。畫面題款「濟遠寫」。作者王濟遠（1893-1975）原籍安徽，成長於江蘇武進。中國早期水彩畫創作推動者。1920年參與西洋畫社團「天馬會」， 1927年創辦「藝苑繪畫研究所」。與畫家張善孖、張大千、陳澄波及潘玉良等時相往來。1931 年任教上海美專，後又參與由龐薰?、倪貽德等發起「決瀾社」，為當時畫壇帶來新興現代繪畫氣象。1941年起定居美國，創辦華美畫學院，傳授中國畫藝及書法。1971年在美國史密斯桑寧博物館安排下，與張大千各以15幅作品展出。曾分別於1959年及1973年訪台，並於1973年捐贈作品予國立歷史博物館及故宮博物院。繪畫創作中西兼具，以水彩畫見長。國畫重寫生，墨色淋漓。早年編有高中水彩畫教本，《濟遠水彩畫集》等。為中國早期水彩畫家中很有影響的畫家。曾自述：「現代中國畫中的筆法的精粹，在於其獨立性。它並非模仿古代大師，而是表現出藝術家本身自由的精神。這種獨立性，是經年的學習及失敗的錘鍊而得，從而創造出一種融合西方寫真的觀寫及傳統中國藝術中對紙、筆、墨的運用的藝術。」,,,,,,,,,,賴貞儀
31793,,(63)博入字第011號,1974.05.15,澤蘭,,,王濟遠,民國,1,受贈,王濟遠,縱45 橫66,國畫,,,,,,,,,,國立歷史博物館藏《澤蘭》（31793），創作年代不詳。水墨描繪叢生之藍草，以墨筆?寫十朵盛開於枝頭之蘭花，有正面描寫亦有側寫者，或左或右，或仰或俯，由不同墨色描寫的蘭草所襯托，清雅生動。畫面題款「濟遠寫」。作者王濟遠（1893-1975）原籍安徽，成長於江蘇武進。中國早期水彩畫創作推動者。1920年參與西洋畫社團「天馬會」， 1927年創辦「藝苑繪畫研究所」。與畫家張善孖、張大千、陳澄波及潘玉良等時相往來。1931 年任教上海美專，後又參與由龐薰?、倪貽德等發起「決瀾社」，為當時畫壇帶來新興現代繪畫氣象。1941年起定居美國，創辦華美畫學院，傳授中國畫藝及書法。1971年在美國史密斯桑寧博物館安排下，與張大千各以15幅作品展出。曾分別於1959年及1973年訪台，並於1973年捐贈作品予國立歷史博物館及故宮博物院。繪畫創作中西兼具，以水彩畫見長。國畫重寫生，墨色淋漓。早年編有高中水彩畫教本，《濟遠水彩畫集》等。為中國早期水彩畫家中很有影響的畫家。曾自述：「現代中國畫中的筆法的精粹，在於其獨立性。它並非模仿古代大師，而是表現出藝術家本身自由的精神。這種獨立性，是經年的學習及失敗的錘鍊而得，從而創造出一種融合西方寫真的觀寫及傳統中國藝術中對紙、筆、墨的運用的藝術。」,,,,,,,,,,賴貞儀
31794,,(63)博入字第011號,1974.05.15,玉蘭,,,王濟遠,民國,1,受贈,王濟遠,縱45 橫66,國畫,,,,,,,,,,國立歷史博物館藏《玉蘭》（31794）， 作於1966年秋，設色花卉小品，描繪盛開紅色玉蘭花與蒼翠綠葉，寫生之作，彩墨渲染，淋漓生動。畫面題字「丙午九秋。濟遠寫生。」，並有一紅字鈐印「濟翁」。作者王濟遠（1893-1975）原籍安徽，成長於江蘇武進。中國早期水彩畫創作推動者。1920年參與西洋畫社團「天馬會」， 1927年創辦「藝苑繪畫研究所」。與畫家張善孖、張大千、陳澄波及潘玉良等時相往來。1931 年任教上海美專，後又參與由龐薰?、倪貽德等發起「決瀾社」，為當時畫壇帶來新興現代繪畫氣象。1941年起定居美國，創辦華美畫學院，傳授中國畫藝及書法。1971年在美國史密斯桑寧博物館安排下，與張大千各以15幅作品展出。曾分別於1959年及1973年訪台，並於1973年捐贈作品予國立歷史博物館及故宮博物院。繪畫創作中西兼具，以水彩畫見長。國畫重寫生，墨色淋漓。早年編有高中水彩畫教本，《濟遠水彩畫集》等。為中國早期水彩畫家中很有影響的畫家。曾自述：「現代中國畫中的筆法的精粹，在於其獨立性。它並非模仿古代大師，而是表現出藝術家本身自由的精神。這種獨立性，是經年的學習及失敗的錘鍊而得，從而創造出一種融合西方寫真的觀寫及傳統中國藝術中對紙、筆、墨的運用的藝術。」,,,,,,,,,,賴貞儀
31795,,(63)博入字第011號,1974.05.15,蒼松二鴿,,,王濟遠,民國,1,受贈,王濟遠,縱40 橫57,國畫,,,,,,,,,,國立歷史博物館藏《蒼松二鴿》（31795）， 作於1958年，描繪紐約中央公園內松樹與棲息其上的兩隻鴿子。以水墨寫意筆法，濃墨寫近淡墨喻遠，描繪出松葉之層次與明暗，兩隻鴿子雖接近畫面構圖中心，但隱於松葉後，僅以簡單筆法寫出形廓。畫面題字「蒼松二鴿。1958年寫於中央公園。濟遠」。並有一鈐印「王濟遠」。作者王濟遠（1893-1975）原籍安徽，成長於江蘇武進。中國早期水彩畫創作推動者。1920年參與西洋畫社團「天馬會」， 1927年創辦「藝苑繪畫研究所」。與畫家張善孖、張大千、陳澄波及潘玉良等時相往來。1931 年任教上海美專，後又參與由龐薰?、倪貽德等發起「決瀾社」，為當時畫壇帶來新興現代繪畫氣象。1941年起定居美國，創辦華美畫學院，傳授中國畫藝及書法。1971年在美國史密斯桑寧博物館安排下，與張大千各以15幅作品展出。曾分別於1959年及1973年訪台，並於1973年捐贈作品予國立歷史博物館及故宮博物院。繪畫創作中西兼具，以水彩畫見長。國畫重寫生，墨色淋漓。早年編有高中水彩畫教本，《濟遠水彩畫集》等。為中國早期水彩畫家中很有影響的畫家。曾自述：「現代中國畫中的筆法的精粹，在於其獨立性。它並非模仿古代大師，而是表現出藝術家本身自由的精神。這種獨立性，是經年的學習及失敗的錘鍊而得，從而創造出一種融合西方寫真的觀寫及傳統中國藝術中對紙、筆、墨的運用的藝術。」,,,,,,,,,,賴貞儀
31796,,(63)博入字第011號,1974.05.15,太魯閣,,,王濟遠,民國,1,受贈,王濟遠,縱56.5 橫30,國畫,,,,,,,,,,國立歷史博物館藏《太魯閣》（31796）， 作於1959年7月7日，水墨寫意山水，描繪花蓮太魯閣長春祠風光，正面描寫立霧溪谷峭崖邊階的長春祠，背景峽谷重巖疊嶂，祠旁湧泉流水成「長春飛瀑」，水氣氳氤，墨色淋漓，畫面題字「太魯閣長春祠。1959年7月7日，濟遠初度巡禮」。作者王濟遠（1893-1975）原籍安徽，成長於江蘇武進。中國早期水彩畫創作推動者。1920年參與西洋畫社團「天馬會」， 1927年創辦「藝苑繪畫研究所」。與畫家張善孖、張大千、陳澄波及潘玉良等時相往來。1931 年任教上海美專，後又參與由龐薰?、倪貽德等發起「決瀾社」，為當時畫壇帶來新興現代繪畫氣象。1941年起定居美國，創辦華美畫學院，傳授中國畫藝及書法。1971年在美國史密斯桑寧博物館安排下，與張大千各以15幅作品展出。曾分別於1959年及1973年訪台，並於1973年捐贈作品予國立歷史博物館及故宮博物院。繪畫創作中西兼具，以水彩畫見長。國畫重寫生，墨色淋漓。早年編有高中水彩畫教本，《濟遠水彩畫集》等。為中國早期水彩畫家中很有影響的畫家。曾自述：「現代中國畫中的筆法的精粹，在於其獨立性。它並非模仿古代大師，而是表現出藝術家本身自由的精神。這種獨立性，是經年的學習及失敗的錘鍊而得，從而創造出一種融合西方寫真的觀寫及傳統中國藝術中對紙、筆、墨的運用的藝術。」,,,,,,,,,,賴貞儀
31797,,(63)博入字第011號,1974.05.15,天祥,,,王濟遠,民國,1,受贈,王濟遠,縱30 橫56.5,國畫,,,,,,,,,,國立歷史博物館藏《天祥》（31797），作於1959年7月8日，水墨寫意山水，描繪花蓮天祥風光，墨色淋漓。天祥位於立霧溪流域的河階地上，為大沙溪與塔次基里溪匯流處，舊為泰雅族塔比多部落所在，中橫公路開闢時為紀念文天祥而改稱其名。此地形勢開闊，可欣賞到曲流壺穴地形景觀，畫面描繪前景腹地平台處有聚落人家，及三名似乎正在屋前勞動之人物。畫面題字「天祥。48年7月8日，濟遠寫」。作者王濟遠（1893-1975）原籍安徽，成長於江蘇武進。中國早期水彩畫創作推動者。1920年參與西洋畫社團「天馬會」， 1927年創辦「藝苑繪畫研究所」。與畫家張善孖、張大千、陳澄波及潘玉良等時相往來。1931 年任教上海美專，後又參與由龐薰?、倪貽德等發起「決瀾社」，為當時畫壇帶來新興現代繪畫氣象。1941年起定居美國，創辦華美畫學院，傳授中國畫藝及書法。1971年在美國史密斯桑寧博物館安排下，與張大千各以15幅作品展出。曾分別於1959年及1973年訪台，並於1973年捐贈作品予國立歷史博物館及故宮博物院。繪畫創作中西兼具，以水彩畫見長。國畫重寫生，墨色淋漓。早年編有高中水彩畫教本，《濟遠水彩畫集》等。為中國早期水彩畫家中很有影響的畫家。曾自述：「現代中國畫中的筆法的精粹，在於其獨立性。它並非模仿古代大師，而是表現出藝術家本身自由的精神。這種獨立性，是經年的學習及失敗的錘鍊而得，從而創造出一種融合西方寫真的觀寫及傳統中國藝術中對紙、筆、墨的運用的藝術。」,,,,,,,,,,賴貞儀
31798,,(63)博入字第011號,1974.05.15,蝴蝶兔葵齊放,,,王濟遠,民國,1,受贈,王濟遠,縱39.5 橫56,國畫,,,,,,,,,,國立歷史博物館藏《蝴蝶兔葵齊放》（31798），作於1970年4月，彩墨花卉，描繪三株紫色蝴蝶蘭與一株紅色兔葵花一齊盛開於草地上。背景並以淡彩暈染，點出其後之草木蔥蘢，色彩淋漓。畫面題字「蝴蝶兔葵齊放。庚戌四月。濟公。」並有一鈐印「濟公」。作者王濟遠（1893-1975）原籍安徽，成長於江蘇武進。中國早期水彩畫創作推動者。1920年參與西洋畫社團「天馬會」， 1927年創辦「藝苑繪畫研究所」。與畫家張善孖、張大千、陳澄波及潘玉良等時相往來。1931 年任教上海美專，後又參與由龐薰?、倪貽德等發起「決瀾社」，為當時畫壇帶來新興現代繪畫氣象。1941年起定居美國，創辦華美畫學院，傳授中國畫藝及書法。1971年在美國史密斯桑寧博物館安排下，與張大千各以15幅作品展出。曾分別於1959年及1973年訪台，並於1973年捐贈作品予國立歷史博物館及故宮博物院。繪畫創作中西兼具，以水彩畫見長。國畫重寫生，墨色淋漓。早年編有高中水彩畫教本，《濟遠水彩畫集》等。為中國早期水彩畫家中很有影響的畫家。曾自述：「現代中國畫中的筆法的精粹，在於其獨立性。它並非模仿古代大師，而是表現出藝術家本身自由的精神。這種獨立性，是經年的學習及失敗的錘鍊而得，從而創造出一種融合西方寫真的觀寫及傳統中國藝術中對紙、筆、墨的運用的藝術。」,,,,,,,,,,賴貞儀
31799,,(63)博入字第011號,1974.05.15,鬱金香,,,王濟遠,民國,1,受贈,王濟遠,縱40 橫57,國畫,,,,,,,,,,國立歷史博物館藏《鬱金香》（31799）， 作於1970年冬至，水墨設色，描繪五朵盛放之黃色鬱金香花，以淺色淡墨線條?寫出花朵外形，填染黃色外亦以淡墨暈染出背光陰影處，增加立體與質量感；綠葉部分亦同，色墨交融。背景並以淡彩暈染。畫面題字「鬱金香。庚戌新正。濟遠寫」。作者王濟遠（1893-1975）原籍安徽，成長於江蘇武進。中國早期水彩畫創作推動者。1920年參與西洋畫社團「天馬會」， 1927年創辦「藝苑繪畫研究所」。與畫家張善孖、張大千、陳澄波及潘玉良等時相往來。1931 年任教上海美專，後又參與由龐薰?、倪貽德等發起「決瀾社」，為當時畫壇帶來新興現代繪畫氣象。1941年起定居美國，創辦華美畫學院，傳授中國畫藝及書法。1971年在美國史密斯桑寧博物館安排下，與張大千各以15幅作品展出。曾分別於1959年及1973年訪台，並於1973年捐贈作品予國立歷史博物館及故宮博物院。繪畫創作中西兼具，以水彩畫見長。國畫重寫生，墨色淋漓。早年編有高中水彩畫教本，《濟遠水彩畫集》等。為中國早期水彩畫家中很有影響的畫家。曾自述：「現代中國畫中的筆法的精粹，在於其獨立性。它並非模仿古代大師，而是表現出藝術家本身自由的精神。這種獨立性，是經年的學習及失敗的錘鍊而得，從而創造出一種融合西方寫真的觀寫及傳統中國藝術中對紙、筆、墨的運用的藝術。」,,,,,,,,,,賴貞儀
31800,,(63)博入字第011號,1974.05.15,菲島之女,,,王濟遠,民國,1,受贈,王濟遠,縱27 橫24,國畫,,,,,,,,,,國立歷史博物館藏《菲島之女》（31800）， 作於1959年3月20日，水墨人物，描繪菲律賓之一名婦女，以側面肖像之形式，描寫其左側面胸像，女子梳髻領繫絲巾，深目厚唇鉤鼻，耳戴垂墜耳飾，表情專注凝視其前方，無視於觀眾之存在。 畫面題字「菲島之女。1959年3月20日。濟遠寫」。作者王濟遠（1893-1975）原籍安徽，成長於江蘇武進。中國早期水彩畫創作推動者。1920年參與西洋畫社團「天馬會」， 1927年創辦「藝苑繪畫研究所」。與畫家張善孖、張大千、陳澄波及潘玉良等時相往來。1931 年任教上海美專，後又參與由龐薰?、倪貽德等發起「決瀾社」，為當時畫壇帶來新興現代繪畫氣象。1941年起定居美國，創辦華美畫學院，傳授中國畫藝及書法。1971年在美國史密斯桑寧博物館安排下，與張大千各以15幅作品展出。曾分別於1959年及1973年訪台，並於1973年捐贈作品予國立歷史博物館及故宮博物院。繪畫創作中西兼具，以水彩畫見長。國畫重寫生，墨色淋漓。早年編有高中水彩畫教本，《濟遠水彩畫集》等。為中國早期水彩畫家中很有影響的畫家。曾自述：「現代中國畫中的筆法的精粹，在於其獨立性。它並非模仿古代大師，而是表現出藝術家本身自由的精神。這種獨立性，是經年的學習及失敗的錘鍊而得，從而創造出一種融合西方寫真的觀寫及傳統中國藝術中對紙、筆、墨的運用的藝術。」,,,,,,,,,,賴貞儀
31801,,(63)博入字第011號,1974.05.15,菲島之女,,,王濟遠,民國,1,受贈,王濟遠,縱45.5 橫30,國畫,,,,,,,,,,國立歷史博物館藏《菲島之女》（31801）， 作於1959年3月21日，水墨人物，描繪一名菲律賓女少，以微側半身畫像形式，描寫其微微左側之坐像，女子卷髮垂肩，身著短袖花旗袍，戴項鍊，雙手置於腿上，眉目疏朗有神，未與觀者眼神接觸或互動。畫面題字「1962年9月27日濟遠寫」。作者王濟遠（1893-1975）原籍安徽，成長於江蘇武進。中國早期水彩畫創作推動者。1920年參與西洋畫社團「天馬會」， 1927年創辦「藝苑繪畫研究所」。與畫家張善孖、張大千、陳澄波及潘玉良等時相往來。1931 年任教上海美專，後又參與由龐薰?、倪貽德等發起「決瀾社」，為當時畫壇帶來新興現代繪畫氣象。1941年起定居美國，創辦華美畫學院，傳授中國畫藝及書法。1971年在美國史密斯桑寧博物館安排下，與張大千各以15幅作品展出。曾分別於1959年及1973年訪台，並於1973年捐贈作品予國立歷史博物館及故宮博物院。繪畫創作中西兼具，以水彩畫見長。國畫重寫生，墨色淋漓。早年編有高中水彩畫教本，《濟遠水彩畫集》等。為中國早期水彩畫家中很有影響的畫家。曾自述：「現代中國畫中的筆法的精粹，在於其獨立性。它並非模仿古代大師，而是表現出藝術家本身自由的精神。這種獨立性，是經年的學習及失敗的錘鍊而得，從而創造出一種融合西方寫真的觀寫及傳統中國藝術中對紙、筆、墨的運用的藝術。」,,,,,,,,,,賴貞儀
31802,,(63)博入字第011號,1974.05.15,贈花,,,王濟遠,民國,1,受贈,王濟遠,縱28.5 橫40,國畫,,,,,,,,,,國立歷史博物館藏《贈花》（31802）， 作於1964年8月22日，描繪畫家前一日與張大千夫婦等朋友宴席所留存之鮮花，隔日姿容仍妍，置於青色瓷盆中繪成設色花卉小品，並題字紀念此良朋雅會。畫面題字「1964年8月21日大千伉儷在紐約東憲樓讌集良朋，克樂夫婦及其女公子，以鮮花分贈女賓，席上談笑盡興，翌晨花容猶妍，用圖存之，並記其事。濟遠」。作者王濟遠（1893-1975）原籍安徽，成長於江蘇武進。中國早期水彩畫創作推動者。1920年參與西洋畫社團「天馬會」， 1927年創辦「藝苑繪畫研究所」。與畫家張善孖、張大千、陳澄波及潘玉良等時相往來。1931 年任教上海美專，後又參與由龐薰?、倪貽德等發起「決瀾社」，為當時畫壇帶來新興現代繪畫氣象。1941年起定居美國，創辦華美畫學院，傳授中國畫藝及書法。1971年在美國史密斯桑寧博物館安排下，與張大千各以15幅作品展出。曾分別於1959年及1973年訪台，並於1973年捐贈作品予國立歷史博物館及故宮博物院。繪畫創作中西兼具，以水彩畫見長。國畫重寫生，墨色淋漓。早年編有高中水彩畫教本，《濟遠水彩畫集》等。為中國早期水彩畫家中很有影響的畫家。曾自述：「現代中國畫中的筆法的精粹，在於其獨立性。它並非模仿古代大師，而是表現出藝術家本身自由的精神。這種獨立性，是經年的學習及失敗的錘鍊而得，從而創造出一種融合西方寫真的觀寫及傳統中國藝術中對紙、筆、墨的運用的藝術。」,,,,,,,,,,賴貞儀
31803,,(63)博入字第011號,1974.05.15,枝葉交錯,,,王濟遠,民國,1,受贈,王濟遠,縱42 橫58,國畫,,,,,,,,,,國立歷史博物館藏《枝葉交錯》（31803）， 創作年代不詳。設色描繪玉蘭花樹，白中帶紅暈的艷麗花朵，姿態生動妍麗，有怒放、有半開、亦有含苞者。背景並以淡彩暈染。畫面右上有鈐印紅字「濟」。作者王濟遠（1893-1975）原籍安徽，成長於江蘇武進。中國早期水彩畫創作推動者。1920年參與西洋畫社團「天馬會」， 1927年創辦「藝苑繪畫研究所」。與畫家張善孖、張大千、陳澄波及潘玉良等時相往來。1931 年任教上海美專，後又參與由龐薰?、倪貽德等發起「決瀾社」，為當時畫壇帶來新興現代繪畫氣象。1941年起定居美國，創辦華美畫學院，傳授中國畫藝及書法。1971年在美國史密斯桑寧博物館安排下，與張大千各以15幅作品展出。曾分別於1959年及1973年訪台，並於1973年捐贈作品予國立歷史博物館及故宮博物院。繪畫創作中西兼具，以水彩畫見長。國畫重寫生，墨色淋漓。早年編有高中水彩畫教本，《濟遠水彩畫集》等。為中國早期水彩畫家中很有影響的畫家。曾自述：「現代中國畫中的筆法的精粹，在於其獨立性。它並非模仿古代大師，而是表現出藝術家本身自由的精神。這種獨立性，是經年的學習及失敗的錘鍊而得，從而創造出一種融合西方寫真的觀寫及傳統中國藝術中對紙、筆、墨的運用的藝術。」,,,,,,,,,,賴貞儀
31804,,(63)博入字第011號,1974.05.15,幽芳在空碧,,,王濟遠,民國,1,受贈,王濟遠,縱132 橫33,國畫,,,,,,,,,,國立歷史博物館藏《幽芳在空碧》（31804）， 作於1956年立秋，水墨寫意花卉，描繪萱草、繡球花等芳草花卉，畫面題字「丙申立秋後一日濟遠寫」。並有一鈐印紅字「濟」。作者王濟遠（1893-1975）原籍安徽，成長於江蘇武進。中國早期水彩畫創作推動者。1920年參與西洋畫社團「天馬會」， 1927年創辦「藝苑繪畫研究所」。與畫家張善孖、張大千、陳澄波及潘玉良等時相往來。1931 年任教上海美專，後又參與由龐薰?、倪貽德等發起「決瀾社」，為當時畫壇帶來新興現代繪畫氣象。1941年起定居美國，創辦華美畫學院，傳授中國畫藝及書法。1971年在美國史密斯桑寧博物館安排下，與張大千各以15幅作品展出。曾分別於1959年及1973年訪台，並於1973年捐贈作品予國立歷史博物館及故宮博物院。繪畫創作中西兼具，以水彩畫見長。國畫重寫生，墨色淋漓。早年編有高中水彩畫教本，《濟遠水彩畫集》等。為中國早期水彩畫家中很有影響的畫家。曾自述：「現代中國畫中的筆法的精粹，在於其獨立性。它並非模仿古代大師，而是表現出藝術家本身自由的精神。這種獨立性，是經年的學習及失敗的錘鍊而得，從而創造出一種融合西方寫真的觀寫及傳統中國藝術中對紙、筆、墨的運用的藝術。」,,,,,,,,,,賴貞儀
31805,,(63)博入字第011號,1974.05.15,驚秋,,,王濟遠,民國,1,受贈,王濟遠,縱56 橫205,國畫,,,,,,,,,,國立歷史博物館藏《驚秋》（31805）， 作於1964年10月1日秋，設色寫意，描繪應時之紫紅色樹葉與各色秋季瓜果八種，造型多姿色彩繽紛，每件果物之下並以淡墨表現陰影增加立體質量與空間感。畫面右邊題字「驚秋。甲辰九秋寥東閣主人題」。左邊又題「朱瓜纍纍，紫葉飄飄，和光同塵，秋天到了。1964年10月1日濟遠寫」。作者王濟遠（1893-1975）原籍安徽，成長於江蘇武進。中國早期水彩畫創作推動者。1920年參與西洋畫社團「天馬會」， 1927年創辦「藝苑繪畫研究所」。與畫家張善孖、張大千、陳澄波及潘玉良等時相往來。1931 年任教上海美專，後又參與由龐薰?、倪貽德等發起「決瀾社」，為當時畫壇帶來新興現代繪畫氣象。1941年起定居美國，創辦華美畫學院，傳授中國畫藝及書法。1971年在美國史密斯桑寧博物館安排下，與張大千各以15幅作品展出。曾分別於1959年及1973年訪台，並於1973年捐贈作品予國立歷史博物館及故宮博物院。繪畫創作中西兼具，以水彩畫見長。國畫重寫生，墨色淋漓。早年編有高中水彩畫教本，《濟遠水彩畫集》等。為中國早期水彩畫家中很有影響的畫家。曾自述：「現代中國畫中的筆法的精粹，在於其獨立性。它並非模仿古代大師，而是表現出藝術家本身自由的精神。這種獨立性，是經年的學習及失敗的錘鍊而得，從而創造出一種融合西方寫真的觀寫及傳統中國藝術中對紙、筆、墨的運用的藝術。」,,,,,,,,,,賴貞儀
